Year,GEO ID,State Abbreviation,State,New Diagnoses State Rate,New Diagnoses State Rate Stability,New Diagnoses State Cases,New Diagnoses Male Rate,New Diagnoses Male Rate Stability,New Diagnoses Male Cases,New Diagnoses Female Rate,New Diagnoses Female Rate Stability,New Diagnoses Female Cases,New Diagnoses Black Rate,New Diagnoses Black Rate Stability,New Diagnoses Black Cases,New Diagnoses White Rate,New Diagnoses White Rate Stability,New Diagnoses White Cases,New Diagnoses Hispanic Rate,New Diagnoses Hispanic Rate Stability,New Diagnoses Hispanic Cases,New Diagnoses Asian Rate,New Diagnoses Asian Rate Stability,New Diagnoses Asian Cases,New Diagnoses American Indian/Alaska Native Rate,New Diagnoses American Indian/Alaska Native Rate Stability,New Diagnoses American Indian/Alaska Native Cases,New Diagnoses Multiple Races Rate,New Diagnoses Multiple Races Rate Stability,New Diagnoses Multiple Races Cases,New Diagnoses Native Hawaiian/Other Pacific Islander Rate,New Diagnoses Native Hawaiian/Other Pacific Islander Rate Stability,New Diagnoses Native Hawaiian/Other Pacific Islander Cases,New Diagnoses Age 13-24 Rate,New Diagnoses Age 13-24 Rate Stability,New Diagnoses Age 13-24 Cases,New Diagnoses Age 25-34 Rate,New Diagnoses Age 25-34 Rate Stability,New Diagnoses Age 25-34 Cases,New Diagnoses Age 35-44 Rate,New Diagnoses Age 35-44 Rate Stability,New Diagnoses Age 35-44 Cases,New Diagnoses Age 45-54 Rate,New Diagnoses Age 45-54 Rate Stability,New Diagnoses Age 45-54 Cases,New Diagnoses Age 55-64 Rate,New Diagnoses Age 55-64 Rate Stability,New Diagnoses Age 55-64 Cases,New Diagnoses Age 65+ Rate,New Diagnoses Age 65+ Rate Stability,New Diagnoses Age 65+ Cases,New Diagnoses MSM Cases,New Diagnoses MSM Percent,New Diagnoses IDU Cases,New Diagnoses IDU Percent,New Diagnoses MSM/IDU Cases,New Diagnoses MSM/IDU Percent,New Diagnoses Heterosexual Contact Cases,New Diagnoses Heterosexual Contact Percent,New Diagnoses Other Transmission Category Cases,New Diagnoses Other Transmission Category Percent,New Diagnoses MSM Rate,New Diagnoses Male and Age 13-24 Cases,New Diagnoses Male and Age 13-24 Rate,New Diagnoses Male and Age 13-24 Rate Stability,New Diagnoses Male and Age 25-34 Cases,New Diagnoses Male and Age 25-34 Rate,New Diagnoses Male and Age 25-34 Rate Stability,New Diagnoses Male and Age 35-44 Cases,New Diagnoses Male and Age 35-44 Rate,New Diagnoses Male and Age 35-44 Rate Stability,New Diagnoses Male and Age 45-54 Cases,New Diagnoses Male and Age 45-54 Rate,New Diagnoses Male and Age 45-54 Rate Stability,New Diagnoses Male and Age 55-64 Cases,New Diagnoses Male and Age 55-64 Rate,New Diagnoses Male and Age 55-64 Rate Stability,New Diagnoses Male and Age 65+ Cases,New Diagnoses Male and Age 65+ Rate,New Diagnoses Male and Age 65+ Rate Stability,New Diagnoses Female and Age 13-24 Cases,New Diagnoses Female and Age 13-24 Rate,New Diagnoses Female and Age 13-24 Rate Stability,New Diagnoses Female and Age 25-34 Cases,New Diagnoses Female and Age 25-34 Rate,New Diagnoses Female and Age 25-34 Rate Stability,New Diagnoses Female and Age 35-44 Cases,New Diagnoses Female and Age 35-44 Rate,New Diagnoses Female and Age 35-44 Rate Stability,New Diagnoses Female and Age 45-54 Cases,New Diagnoses Female and Age 45-54 Rate,New Diagnoses Female and Age 45-54 Rate Stability,New Diagnoses Female and Age 55-64 Cases,New Diagnoses Female and Age 55-64 Rate,New Diagnoses Female and Age 55-64 Rate Stability,New Diagnoses Female and Age 65+ Cases,New Diagnoses Female and Age 65+ Rate,New Diagnoses Female and Age 65+ Rate Stability,New Diagnoses Male and American Indian/Alaska Native Cases,New Diagnoses Male and American Indian/Alaska Native Rate,New Diagnoses Male and American Indian/Alaska Native Rate Stability,New Diagnoses Male and Asian Cases,New Diagnoses Male and Asian Rate,New Diagnoses Male and Asian Rate Stability,New Diagnoses Male and Black Cases,New Diagnoses Male and Black Rate,New Diagnoses Male and Black Rate Stability,New Diagnoses Male and Hispanic Cases,New Diagnoses Male and Hispanic Rate,New Diagnoses Male and Hispanic Rate Stability,New Diagnoses Male and Multiple Races Cases,New Diagnoses Male and Multiple Races Rate,New Diagnoses Male and Multiple Races Rate Stability,New Diagnoses Male and Native Hawaiian/Other Pacific Islander Cases,New Diagnoses Male and Native Hawaiian/Other Pacific Islander Rate,New Diagnoses Male and Native Hawaiian/Other Pacific Islander Rate Stability,New Diagnoses Male and White Cases,New Diagnoses Male and White Rate,New Diagnoses Male and White Rate Stability,New Diagnoses Female and American Indian/Alaska Native Cases,New Diagnoses Female and American Indian/Alaska Native Rate,New Diagnoses Female and American Indian/Alaska Native Rate Stability,New Diagnoses Female and Asian Cases,New Diagnoses Female and Asian Rate,New Diagnoses Female and Asian Rate Stability,New Diagnoses Female and Black Cases,New Diagnoses Female and Black Rate,New Diagnoses Female and Black Rate Stability,New Diagnoses Female and Hispanic Cases,New Diagnoses Female and Hispanic Rate,New Diagnoses Female and Hispanic Rate Stability,New Diagnoses Female and Multiple Races Cases,New Diagnoses Female and Multiple Races Rate,New Diagnoses Female and Multiple Races Rate Stability,New Diagnoses Female and Native Hawaiian/Other Pacific Islander Cases,New Diagnoses Female and Native Hawaiian/Other Pacific Islander Rate,New Diagnoses Female and Native Hawaiian/Other Pacific Islander Rate Stability,New Diagnoses Female and White Cases,New Diagnoses Female and White Rate,New Diagnoses Female and White Rate Stability,New Diagnoses American Indian/Alaska Native and Age 13-24 Cases,New Diagnoses American Indian/Alaska Native and Age 13-24 Rate,New Diagnoses American Indian/Alaska Native and Age 13-24 Rate Stability,New Diagnoses American Indian/Alaska Native and Age 25-34 Cases,New Diagnoses American Indian/Alaska Native and Age 25-34 Rate,New Diagnoses American Indian/Alaska Native and Age 25-34 Rate Stability,New Diagnoses American Indian/Alaska Native and Age 35-44 Cases,New Diagnoses American Indian/Alaska Native and Age 35-44 Rate,New Diagnoses American Indian/Alaska Native and Age 35-44 Rate Stability,New Diagnoses American Indian/Alaska Native and Age 45-54 Cases,New Diagnoses American Indian/Alaska Native and Age 45-54 Rate,New Diagnoses American Indian/Alaska Native and Age 45-54 Rate Stability,New Diagnoses American Indian/Alaska Native and Age 55-64 Cases,New Diagnoses American Indian/Alaska Native and Age 55-64 Rate,New Diagnoses American Indian/Alaska Native and Age 55-64 Rate Stability,New Diagnoses American Indian/Alaska Native and Age 65+ Cases,New Diagnoses American Indian/Alaska Native and Age 65+ Rate,New Diagnoses American Indian/Alaska Native and Age 65+ Rate Stability,New Diagnoses Asian and Age 13-24 Cases,New Diagnoses Asian and Age 13-24 Rate,New Diagnoses Asian and Age 13-24 Rate Stability,New Diagnoses Asian and Age 25-34 Cases,New Diagnoses Asian and Age 25-34 Rate,New Diagnoses Asian and Age 25-34 Rate Stability,New Diagnoses Asian and Age 35-44 Cases,New Diagnoses Asian and Age 35-44 Rate,New Diagnoses Asian and Age 35-44 Rate Stability,New Diagnoses Asian and Age 45-54 Cases,New Diagnoses Asian and Age 45-54 Rate,New Diagnoses Asian and Age 45-54 Rate Stability,New Diagnoses Asian and Age 55-64 Cases,New Diagnoses Asian and Age 55-64 Rate,New Diagnoses Asian and Age 55-64 Rate Stability,New Diagnoses Asian and Age 65+ Cases,New Diagnoses Asian and Age 65+ Rate,New Diagnoses Asian and Age 65+ Rate Stability,New Diagnoses Black and Age 13-24 Cases,New Diagnoses Black and Age 13-24 Rate,New Diagnoses Black and Age 13-24 Rate Stability,New Diagnoses Black and Age 25-34 Cases,New Diagnoses Black and Age 25-34 Rate,New Diagnoses Black and Age 25-34 Rate Stability,New Diagnoses Black and Age 35-44 Cases,New Diagnoses Black and Age 35-44 Rate,New Diagnoses Black and Age 35-44 Rate Stability,New Diagnoses Black and Age 45-54 Cases,New Diagnoses Black and Age 45-54 Rate,New Diagnoses Black and Age 45-54 Rate Stability,New Diagnoses Black and Age 55-64 Cases,New Diagnoses Black and Age 55-64 Rate,New Diagnoses Black and Age 55-64 Rate Stability,New Diagnoses Black and Age 65+ Cases,New Diagnoses Black and Age 65+ Rate,New Diagnoses Black and Age 65+ Rate Stability,New Diagnoses Hispanic and Age 13-24 Cases,New Diagnoses Hispanic and Age 13-24 Rate,New Diagnoses Hispanic and Age 13-24 Rate Stability,New Diagnoses Hispanic and Age 25-34 Cases,New Diagnoses Hispanic and Age 25-34 Rate,New Diagnoses Hispanic and Age 25-34 Rate Stability,New Diagnoses Hispanic and Age 35-44 Cases,New Diagnoses Hispanic and Age 35-44 Rate,New Diagnoses Hispanic and Age 35-44 Rate Stability,New Diagnoses Hispanic and Age 45-54 Cases,New Diagnoses Hispanic and Age 45-54 Rate,New Diagnoses Hispanic and Age 45-54 Rate Stability,New Diagnoses Hispanic and Age 55-64 Cases,New Diagnoses Hispanic and Age 55-64 Rate,New Diagnoses Hispanic and Age 55-64 Rate Stability,New Diagnoses Hispanic and Age 65+ Cases,New Diagnoses Hispanic and Age 65+ Rate,New Diagnoses Hispanic and Age 65+ Rate Stability,New Diagnoses Multiple Races and Age 13-24 Cases,New Diagnoses Multiple Races and Age 13-24 Rate,New Diagnoses Multiple Races and Age 13-24 Rate Stability,New Diagnoses Multiple Races and Age 25-34 Cases,New Diagnoses Multiple Races and Age 25-34 Rate,New Diagnoses Multiple Races and Age 25-34 Rate Stability,New Diagnoses Multiple Races and Age 35-44 Cases,New Diagnoses Multiple Races and Age 35-44 Rate,New Diagnoses Multiple Races and Age 35-44 Rate Stability,New Diagnoses Multiple Races and Age 45-54 Cases,New Diagnoses Multiple Races and Age 45-54 Rate,New Diagnoses Multiple Races and Age 45-54 Rate Stability,New Diagnoses Multiple Races and Age 55-64 Cases,New Diagnoses Multiple Races and Age 55-64 Rate,New Diagnoses Multiple Races and Age 55-64 Rate Stability,New Diagnoses Multiple Races and Age 65+ Cases,New Diagnoses Multiple Races and Age 65+ Rate,New Diagnoses Multiple Races and Age 65+ Rate Stability,New Diagnoses Native Hawaiian/Other Pacific Islander and Age 13-24 Cases,New Diagnoses Native Hawaiian/Other Pacific Islander and Age 13-24 Rate,New Diagnoses Native Hawaiian/Other Pacific Islander and Age 13-24 Rate Stability,New Diagnoses Native Hawaiian/Other Pacific Islander and Age 25-34 Cases,New Diagnoses Native Hawaiian/Other Pacific Islander and Age 25-34 Rate,New Diagnoses Native Hawaiian/Other Pacific Islander and Age 25-34 Rate Stability,New Diagnoses Native Hawaiian/Other Pacific Islander and Age 35-44 Cases,New Diagnoses Native Hawaiian/Other Pacific Islander and Age 35-44 Rate,New Diagnoses Native Hawaiian/Other Pacific Islander and Age 35-44 Rate Stability,New Diagnoses Native Hawaiian/Other Pacific Islander and Age 45-54 Cases,New Diagnoses Native Hawaiian/Other Pacific Islander and Age 45-54 Rate,New Diagnoses Native Hawaiian/Other Pacific Islander and Age 45-54 Rate Stability,New Diagnoses Native Hawaiian/Other Pacific Islander and Age 55-64 Cases,New Diagnoses Native Hawaiian/Other Pacific Islander and Age 55-64 Rate,New Diagnoses Native Hawaiian/Other Pacific Islander and Age 55-64 Rate Stability,New Diagnoses Native Hawaiian/Other Pacific Islander and Age 65+ Cases,New Diagnoses Native Hawaiian/Other Pacific Islander and Age 65+ Rate,New Diagnoses Native Hawaiian/Other Pacific Islander and Age 65+ Rate Stability,New Diagnoses White and Age 13-24 Cases,New Diagnoses White and Age 13-24 Rate,New Diagnoses White and Age 13-24 Rate Stability,New Diagnoses White and Age 25-34 Cases,New Diagnoses White and Age 25-34 Rate,New Diagnoses White and Age 25-34 Rate Stability,New Diagnoses White and Age 35-44 Cases,New Diagnoses White and Age 35-44 Rate,New Diagnoses White and Age 35-44 Rate Stability,New Diagnoses White and Age 45-54 Cases,New Diagnoses White and Age 45-54 Rate,New Diagnoses White and Age 45-54 Rate Stability,New Diagnoses White and Age 55-64 Cases,New Diagnoses White and Age 55-64 Rate,New Diagnoses White and Age 55-64 Rate Stability,New Diagnoses White and Age 65+ Cases,New Diagnoses White and Age 65+ Rate,New Diagnoses White and Age 65+ Rate Stability,New Diagnoses Male and MSM Percent,New Diagnoses Male and MSM Cases,New Diagnoses Male and IDU Percent,New Diagnoses Male and IDU Cases,New Diagnoses Male and MSM/IDU Percent,New Diagnoses Male and MSM/IDU Cases,New Diagnoses Male and Other Transmission Category Percent,New Diagnoses Male and Other Transmission Category Cases,New Diagnoses Male and Heterosexual Contact Percent,New Diagnoses Male and Heterosexual Contact Cases,New Diagnoses Female and Heterosexual Contact Percent,New Diagnoses Female and Heterosexual Contact Cases,New Diagnoses Female and IDU Percent,New Diagnoses Female and IDU Cases,New Diagnoses Female and Other Transmission Category Percent,New Diagnoses Female and Other Transmission Category Cases,New Diagnoses Heterosexual Contact and Age 13-24 Percent,New Diagnoses Heterosexual Contact and Age 13-24 Cases,New Diagnoses IDU and Age 13-24 Percent,New Diagnoses IDU and Age 13-24 Cases,New Diagnoses MSM and Age 13-24 Percent,New Diagnoses MSM and Age 13-24 Cases,New Diagnoses MSM/IDU and Age 13-24 Percent,New Diagnoses MSM/IDU and Age 13-24 Cases,New Diagnoses Other Transmission Category and Age 13-24 Percent,New Diagnoses Other Transmission Category and Age 13-24 Cases,New Diagnoses Heterosexual Contact and Age 25-34 Percent,New Diagnoses Heterosexual Contact and Age 25-34 Cases,New Diagnoses IDU and Age 25-34 Percent,New Diagnoses IDU and Age 25-34 Cases,New Diagnoses MSM and Age 25-34 Percent,New Diagnoses MSM and Age 25-34 Cases,New Diagnoses MSM/IDU and Age 25-34 Percent,New Diagnoses MSM/IDU and Age 25-34 Cases,New Diagnoses Other Transmission Category and Age 25-34 Percent,New Diagnoses Other Transmission Category and Age 25-34 Cases,New Diagnoses Heterosexual Contact and Age 35-44 Percent,New Diagnoses Heterosexual Contact and Age 35-44 Cases,New Diagnoses IDU and Age 35-44 Percent,New Diagnoses IDU and Age 35-44 Cases,New Diagnoses MSM and Age 35-44 Percent,New Diagnoses MSM and Age 35-44 Cases,New Diagnoses MSM/IDU and Age 35-44 Percent,New Diagnoses MSM/IDU and Age 35-44 Cases,New Diagnoses Other Transmission Category and Age 35-44 Percent,New Diagnoses Other Transmission Category and Age 35-44 Cases,New Diagnoses Heterosexual Contact and Age 45-54 Percent,New Diagnoses Heterosexual Contact and Age 45-54 Cases,New Diagnoses IDU and Age 45-54 Percent,New Diagnoses IDU and Age 45-54 Cases,New Diagnoses MSM and Age 45-54 Percent,New Diagnoses MSM and Age 45-54 Cases,New Diagnoses MSM/IDU and Age 45-54 Percent,New Diagnoses MSM/IDU and Age 45-54 Cases,New Diagnoses Other Transmission Category and Age 45-54 Percent,New Diagnoses Other Transmission Category and Age 45-54 Cases,New Diagnoses Heterosexual Contact and Age 55-64 Percent,New Diagnoses Heterosexual Contact and Age 55-64 Cases,New Diagnoses IDU and Age 55-64 Percent,New Diagnoses IDU and Age 55-64 Cases,New Diagnoses MSM and Age 55-64 Percent,New Diagnoses MSM and Age 55-64 Cases,New Diagnoses MSM/IDU and Age 55-64 Percent,New Diagnoses MSM/IDU and Age 55-64 Cases,New Diagnoses Other Transmission Category and Age 55-64 Percent,New Diagnoses Other Transmission Category and Age 55-64 Cases,New Diagnoses Heterosexual Contact and Age 65+ Percent,New Diagnoses Heterosexual Contact and Age 65+ Cases,New Diagnoses IDU and Age 65+ Percent,New Diagnoses IDU and Age 65+ Cases,New Diagnoses MSM and Age 65+ Percent,New Diagnoses MSM and Age 65+ Cases,New Diagnoses MSM/IDU and Age 65+ Percent,New Diagnoses MSM/IDU and Age 65+ Cases,New Diagnoses Other Transmission Category and Age 65+ Percent,New Diagnoses Other Transmission Category and Age 65+ Cases,New Diagnoses Heterosexual Contact and American Indian/Alaska Native Percent,New Diagnoses Heterosexual Contact and American Indian/Alaska Native Cases,New Diagnoses IDU and American Indian/Alaska Native Percent,New Diagnoses IDU and American Indian/Alaska Native Cases,New Diagnoses MSM and American Indian/Alaska Native Percent,New Diagnoses MSM and American Indian/Alaska Native Cases,New Diagnoses MSM/IDU and American Indian/Alaska Native Percent,New Diagnoses MSM/IDU and American Indian/Alaska Native Cases,New Diagnoses Other Transmission Category and American Indian/Alaska Native Percent,New Diagnoses Other Transmission Category and American Indian/Alaska Native Cases,New Diagnoses Heterosexual Contact and Asian Percent,New Diagnoses Heterosexual Contact and Asian Cases,New Diagnoses IDU and Asian Percent,New Diagnoses IDU and Asian Cases,New Diagnoses MSM and Asian Percent,New Diagnoses MSM and Asian Cases,New Diagnoses MSM/IDU and Asian Percent,New Diagnoses MSM/IDU and Asian Cases,New Diagnoses Other Transmission Category and Asian Percent,New Diagnoses Other Transmission Category and Asian Cases,New Diagnoses Heterosexual Contact and Black Percent,New Diagnoses Heterosexual Contact and Black Cases,New Diagnoses IDU and Black Percent,New Diagnoses IDU and Black Cases,New Diagnoses MSM and Black Percent,New Diagnoses MSM and Black Cases,New Diagnoses MSM/IDU and Black Percent,New Diagnoses MSM/IDU and Black Cases,New Diagnoses Other Transmission Category and Black Percent,New Diagnoses Other Transmission Category and Black Cases,New Diagnoses Heterosexual Contact and Hispanic Percent,New Diagnoses Heterosexual Contact and Hispanic Cases,New Diagnoses IDU and Hispanic Percent,New Diagnoses IDU and Hispanic Cases,New Diagnoses MSM and Hispanic Percent,New Diagnoses MSM and Hispanic Cases,New Diagnoses MSM/IDU and Hispanic Percent,New Diagnoses MSM/IDU and Hispanic Cases,New Diagnoses Other Transmission Category and Hispanic Percent,New Diagnoses Other Transmission Category and Hispanic Cases,New Diagnoses Heterosexual Contact and Multiple Races Percent,New Diagnoses Heterosexual Contact and Multiple Races Cases,New Diagnoses IDU and Multiple Races Percent,New Diagnoses IDU and Multiple Races Cases,New Diagnoses MSM and Multiple Races Percent,New Diagnoses MSM and Multiple Races Cases,New Diagnoses MSM/IDU and Multiple Races Percent,New Diagnoses MSM/IDU and Multiple Races Cases,New Diagnoses Other Transmission Category and Multiple Races Percent,New Diagnoses Other Transmission Category and Multiple Races Cases,New Diagnoses Heterosexual Contact and Native Hawaiian/Other Pacific Islander Percent,New Diagnoses Heterosexual Contact and Native Hawaiian/Other Pacific Islander Cases,New Diagnoses IDU and Native Hawaiian/Other Pacific Islander Percent,New Diagnoses IDU and Native Hawaiian/Other Pacific Islander Cases,New Diagnoses MSM and Native Hawaiian/Other Pacific Islander Percent,New Diagnoses MSM and Native Hawaiian/Other Pacific Islander Cases,New Diagnoses MSM/IDU and Native Hawaiian/Other Pacific Islander Percent,New Diagnoses MSM/IDU and Native Hawaiian/Other Pacific Islander Cases,New Diagnoses Other Transmission Category and Native Hawaiian/Other Pacific Islander Percent,New Diagnoses Other Transmission Category and Native Hawaiian/Other Pacific Islander Cases,New Diagnoses Heterosexual Contact and White Percent,New Diagnoses Heterosexual Contact and White Cases,New Diagnoses IDU and White Percent,New Diagnoses IDU and White Cases,New Diagnoses MSM and White Percent,New Diagnoses MSM and White Cases,New Diagnoses MSM/IDU and White Percent,New Diagnoses MSM/IDU and White Cases,New Diagnoses Other Transmission Category and White Percent,New Diagnoses Other Transmission Category and White Cases
2017,1,AL,Alabama,16,Y,645,26,Y,509,6,Y,136,38,Y,408,6,Y,170,16,Y,23,3,N,2,0,-9,0,89,Y,42,0,-9,0,24,Y,188,33,Y,212,18,Y,109,13,Y,85,7,Y,43,1,N,8,431,66.8,26,4.0,24,3.7,163,25.3,1,0.2,1.0,170,44,Y,163,52,Y,80,28,Y,59,19,Y,33,11,Y,4,1,N,18,5,Y,49,15,Y,29,10,Y,26,8,Y,10,3,N,4,1,N,0,0,-9,2,7,N,315,65,Y,19,24,Y,32,143,Y,0,0,-9,141,11,Y,0,0,-9,0,0,-9,93,16,Y,4,6,N,10,41,N,0,0,-9,29,2,Y,0,0,-9,0,0,-9,0,0,-9,0,0,-9,0,0,-9,0,0,-9,1,8,N,0,0,-9,1,9,N,0,0,-9,0,0,-9,0,0,-9,130,55,Y,133,70,Y,64,39,Y,51,32,Y,25,16,Y,5,3,N,9,22,N,10,30,N,1,3,N,1,5,N,1,9,N,1,12,N,13,79,Y,17,211,Y,5,86,N,5,92,N,2,37,N,0,0,-9,0,0,-9,0,0,-9,0,0,-9,0,0,-9,0,0,-9,0,0,-9,35,8,Y,52,13,Y,38,10,Y,28,6,Y,15,3,Y,2,0,N,84.7,431,1.4,7,4.7,24,0.2,1,9.0,46,86.0,117,14.0,19,0.0,0,11.2,21,1.1,2,84.6,159,3.2,6,0.0,0,23.1,49,4.2,9,68.4,145,4.2,9,0.0,0,33.9,37,6.4,7,55.0,60,4.6,5,0.0,0,42.4,36,7.1,6,47.1,40,4.7,4,0.0,0,37.2,16,4.7,2,53.5,23,2.3,1,0.0,0,50.0,4,0.0,0,50.0,4,0.0,0,0.0,0,-8.0,0,-8.0,0,-8.0,0,-8.0,0,-8,0,0.0,0,0.0,0,100.0,2,0.0,0,0.0,0,30.1,123,2.5,10,65.9,269,1.5,6,0.0,0,17.4,4,8.7,2,69.6,16,8.7,2,0.0,0,28.6,12,2.4,1,69.0,29,0.0,0,0.0,0,-8.0,0,-8.0,0,-8.0,0,-8.0,0,-8,0,14.1,24,8.2,14,68.2,116,9.4,16,0.6,1
2017,2,AK,Alaska,5,Y,29,7,Y,21,3,N,8,20,N,4,2,N,9,8,N,3,0,-9,0,16,Y,13,0,-9,0,0,-9,0,8,N,9,9,N,11,4,N,4,2,N,2,3,N,3,0,-9,0,17,58.6,3,10.3,2,6.9,7,24.1,0,0.0,0.2,8,12,N,8,13,N,2,4,N,2,4,N,1,2,N,0,0,-9,1,2,N,3,5,N,2,5,N,0,0,-9,2,4,N,0,0,-9,8,19,N,0,0,-9,3,25,N,3,15,N,0,0,-9,0,0,-9,7,3,N,5,12,N,0,0,-9,1,12,N,0,0,-9,0,0,-9,0,0,-9,2,1,N,3,15,N,6,35,N,2,17,N,0,0,-9,2,18,N,0,0,-9,0,0,-9,0,0,-9,0,0,-9,0,0,-9,0,0,-9,0,0,-9,0,0,-9,2,42,N,1,29,N,1,35,N,0,0,-9,0,0,-9,2,18,N,0,0,-9,1,15,N,0,0,-9,0,0,-9,0,0,-9,0,0,-9,0,0,-9,0,0,-9,0,0,-9,0,0,-9,0,0,-9,0,0,-9,0,0,-9,0,0,-9,0,0,-9,0,0,-9,0,0,-9,4,7,N,3,4,N,0,0,-9,1,2,N,1,2,N,0,0,-9,81.0,17,4.8,1,9.5,2,0.0,0,4.8,1,75.0,6,25.0,2,0.0,0,11.1,1,0.0,0,66.7,6,22.2,2,0.0,0,18.2,2,27.3,3,54.5,6,0.0,0,0.0,0,50.0,2,0.0,0,50.0,2,0.0,0,0.0,0,0.0,0,0.0,0,100.0,2,0.0,0,0.0,0,66.7,2,0.0,0,33.3,1,0.0,0,0.0,0,-8.0,0,-8.0,0,-8.0,0,-8.0,0,-8.0,0,38.5,5,15.4,2,46.2,6,0.0,0,0,0,-8.0,0,-8.0,0,-8.0,0,-8.0,0,-8.0,0,25.0,1,0.0,0,75.0,3,0.0,0,0.0,0,0.0,0,0.0,0,66.7,2,33.3,1,0.0,0,-8.0,0,-8.0,0,-8.0,0,-8.0,0,-8.0,0,-8.0,0,-8.0,0,-8.0,0,-8.0,0,-8,0,11.1,1,11.1,1,66.7,6,11.1,1,0.0,0
2017,4,AZ,Arizona,12,Y,712,21,Y,615,3,Y,97,44,Y,108,7,Y,235,18,Y,299,8,Y,17,18,Y,40,11,N,10,27,N,3,12,Y,134,26,Y,246,17,Y,147,13,Y,113,7,Y,58,1,Y,14,508,71.3,44,6.2,48,6.7,110,15.4,3,0.4,0.5,122,21,Y,217,43,Y,127,29,Y,92,22,Y,45,11,Y,12,2,Y,12,2,Y,29,6,Y,20,5,Y,21,5,Y,13,3,Y,2,0,N,33,31,Y,13,14,Y,73,57,Y,273,32,Y,9,19,N,3,49,N,211,13,Y,7,6,N,4,4,N,35,30,Y,26,3,Y,1,2,N,0,0,-9,24,1,Y,5,9,N,18,39,Y,11,32,N,5,16,N,1,4,N,0,0,-9,3,8,N,10,24,N,3,7,N,0,0,-9,1,4,N,0,0,-9,24,43,Y,35,68,Y,19,45,Y,16,42,Y,9,28,N,5,18,N,67,14,Y,114,33,Y,61,20,Y,38,16,Y,17,10,Y,2,1,N,2,6,N,5,25,N,2,15,N,1,10,N,0,0,-9,0,0,-9,1,45,N,2,75,N,0,0,-9,0,0,-9,0,0,-9,0,0,-9,32,7,Y,62,14,Y,51,12,Y,53,11,Y,30,5,Y,7,1,N,82.6,508,4.6,28,7.8,48,0.2,1,4.9,30,81.4,79,16.5,16,2.1,2,9.0,12,2.2,3,83.6,112,3.7,5,1.5,2,11.8,29,6.1,15,73.6,181,8.5,21,0.0,0,15.6,23,8.2,12,69.4,102,6.8,10,0.0,0,22.1,25,7.1,8,63.7,72,8.0,9,0.0,0,31.0,18,10.3,6,55.2,32,3.4,2,0.0,0,21.4,3,7.1,1,64.3,9,7.1,1,0.0,0,20.0,8,15.0,6,60.0,24,7.5,3,0,0,29.4,5,0.0,0,70.6,12,0.0,0,0.0,0,31.5,34,6.5,7,55.6,60,4.6,5,0.9,1,12.0,36,5.0,15,77.3,231,6.0,18,0.0,0,10.0,1,10.0,1,80.0,8,0.0,0,0.0,0,0.0,0,0.0,0,100.0,3,0.0,0,0,0,11.9,28,6.0,14,72.3,170,9.4,22,0.4,1
2017,5,AR,Arkansas,11,Y,284,20,Y,237,4,Y,47,37,Y,137,6,Y,106,14,Y,22,0,-9,0,0,-9,0,53,Y,19,0,-9,0,18,Y,85,28,Y,110,12,Y,43,8,Y,30,3,Y,13,1,N,3,203,71.5,15,5.3,13,4.6,53,18.7,1,0.4,1.0,73,30,Y,97,49,Y,32,18,Y,23,13,Y,11,6,N,1,1,N,12,5,Y,13,7,Y,11,6,N,7,4,N,2,1,N,2,1,N,0,0,-9,0,0,-9,112,64,Y,19,22,Y,15,87,Y,0,0,-9,91,10,Y,0,0,-9,0,0,-9,25,13,Y,3,4,N,4,22,N,0,0,-9,15,2,Y,0,0,-9,0,0,-9,0,0,-9,0,0,-9,0,0,-9,0,0,-9,0,0,-9,0,0,-9,0,0,-9,0,0,-9,0,0,-9,0,0,-9,50,56,Y,51,75,Y,18,31,Y,11,20,N,5,9,N,2,4,N,2,4,N,12,34,Y,6,19,N,2,9,N,0,0,-9,0,0,-9,7,55,N,9,140,N,0,0,-9,2,53,N,1,26,N,0,0,-9,0,0,-9,0,0,-9,0,0,-9,0,0,-9,0,0,-9,0,0,-9,26,8,Y,38,14,Y,19,7,Y,15,5,Y,7,2,N,1,0,N,85.7,203,4.6,11,5.5,13,0.0,0,4.2,10,89.4,42,8.5,4,2.1,1,16.5,14,4.7,4,78.8,67,0.0,0,0.0,0,13.6,15,4.5,5,74.5,82,7.3,8,0.0,0,27.9,12,7.0,3,58.1,25,9.3,4,0.0,0,26.7,8,10.0,3,66.7,20,0.0,0,0.0,0,15.4,2,0.0,0,76.9,10,7.7,1,0.0,0,66.7,2,0.0,0,0.0,0,0.0,0,0.0,0,-8.0,0,-8.0,0,-8.0,0,-8.0,0,-8,0,-8.0,0,-8.0,0,-8.0,0,-8.0,0,-8.0,0,21.9,30,1.5,2,74.5,102,2.9,4,0.0,0,18.2,4,0.0,0,72.7,16,4.5,1,0.0,0,21.1,4,5.3,1,68.4,13,5.3,1,0.0,0,-8.0,0,-8.0,0,-8.0,0,-8.0,0,-8,0,14.2,15,11.3,12,67.9,72,6.6,7,0.9,1
2017,6,CA,California,15,Y,4920,27,Y,4371,3,Y,549,41,Y,766,9,Y,1168,20,Y,2374,7,Y,347,9,Y,13,32,Y,242,8,N,10,16,Y,985,29,Y,1760,20,Y,1014,14,Y,720,7,Y,349,2,Y,92,3786,77.0,303,6.2,263,5.3,562,11.4,6,0.1,0.5,903,28,Y,1624,53,Y,879,34,Y,607,24,Y,278,12,Y,80,3,Y,82,3,Y,136,5,Y,135,5,Y,113,4,Y,71,3,Y,12,0,Y,11,16,N,317,14,Y,625,67,Y,2162,36,Y,209,57,Y,8,13,N,1039,16,Y,2,3,N,30,1,Y,141,15,Y,212,4,Y,33,9,Y,2,3,N,129,2,Y,1,4,N,5,21,N,2,10,N,3,13,N,1,4,N,1,4,N,63,8,Y,120,13,Y,90,10,Y,52,6,Y,19,3,Y,3,0,N,191,53,Y,259,72,Y,139,49,Y,86,28,Y,76,26,Y,15,5,Y,517,17,Y,927,37,Y,489,23,Y,304,17,Y,106,8,Y,31,3,Y,51,21,Y,86,53,Y,50,45,Y,35,39,Y,17,23,Y,3,5,N,3,13,N,4,16,N,2,10,N,1,5,N,0,0,-9,0,0,-9,159,9,Y,359,18,Y,242,14,Y,239,12,Y,130,6,Y,39,1,Y,86.6,3786,3.9,169,6.0,263,0.1,4,3.4,149,75.2,413,24.4,134,0.4,2,6.8,67,2.9,29,86.9,856,3.2,32,0.1,1,8.2,145,5.0,88,80.9,1423,5.9,104,0.0,0,13.4,136,6.4,65,73.9,749,6.2,63,0.1,1,16.7,120,9.6,69,67.9,489,5.7,41,0.1,1,21.5,75,12.0,42,60.2,210,6.0,21,0.3,1,20.7,19,9.8,9,64.1,59,3.3,3,2.2,2,7.7,1,15.4,2,76.9,10,7.7,1,0,0,11.0,38,1.7,6,85.6,297,1.7,6,0.3,1,19.3,148,5.2,40,71.1,545,4.2,32,0.0,0,9.6,229,5.4,129,79.8,1894,5.1,120,0.1,2,11.6,28,7.4,18,75.6,183,5.4,13,0.4,1,20.0,2,0.0,0,70.0,7,10.0,1,0,0,9.9,116,9.3,109,72.9,852,7.7,90,0.2,2
2017,8,CO,Colorado,9,Y,429,16,Y,388,2,Y,41,27,Y,50,6,Y,198,17,Y,154,5,N,7,20,N,6,16,Y,14,0,-9,0,9,Y,83,18,Y,160,11,Y,81,11,Y,77,3,Y,21,1,N,7,302,70.4,17,4.0,56,13.1,53,12.4,1,0.2,0.3,77,17,Y,146,32,Y,77,20,Y,64,18,Y,18,5,Y,6,2,N,6,1,N,14,3,Y,4,1,N,13,4,Y,3,1,N,1,0,N,5,32,N,7,10,N,35,35,Y,141,30,Y,14,33,Y,0,0,-9,186,11,Y,1,7,N,0,0,-9,15,18,Y,13,3,Y,0,0,-9,0,0,-9,12,1,Y,2,30,N,3,47,N,0,0,-9,1,21,N,0,0,-9,0,0,-9,1,3,N,2,6,N,1,3,N,2,8,N,1,6,N,0,0,-9,9,23,N,17,43,Y,9,28,N,9,31,N,4,16,N,2,10,N,35,14,Y,63,32,Y,27,16,Y,22,17,Y,4,4,N,3,4,N,3,9,N,9,46,N,2,15,N,0,0,-9,0,0,-9,0,0,-9,0,0,-9,0,0,-9,0,0,-9,0,0,-9,0,0,-9,0,0,-9,33,6,Y,66,11,Y,42,8,Y,43,8,Y,12,2,Y,2,0,N,77.8,302,2.8,11,14.4,56,0.0,0,5.2,20,82.9,34,17.1,7,2.4,1,4.8,4,3.6,3,79.5,66,12.0,10,1.2,1,8.1,13,3.8,6,70.0,112,18.1,29,0.0,0,17.3,14,2.5,2,66.7,54,13.6,11,0.0,0,19.5,15,6.5,5,67.5,52,7.8,6,0.0,0,23.8,5,0.0,0,71.4,15,4.8,1,0.0,0,42.9,3,14.3,1,57.1,4,0.0,0,0.0,0,16.7,1,0.0,0,83.3,5,0.0,0,0,0,0.0,0,0.0,0,100.0,7,0.0,0,0.0,0,42.0,21,2.0,1,54.0,27,2.0,1,2.0,1,11.7,18,3.2,5,70.1,108,14.9,23,0.0,0,0.0,0,14.3,2,78.6,11,7.1,1,0.0,0,-8.0,0,-8.0,0,-8.0,0,-8.0,0,-8,0,7.6,15,4.0,8,72.7,144,15.7,31,0.0,0
2017,9,CT,Connecticut,9,Y,273,13,Y,198,5,Y,75,35,Y,105,3,Y,69,20,Y,90,3,N,4,0,-9,0,7,N,3,193,N,2,9,Y,53,18,Y,77,11,Y,47,11,Y,56,6,Y,29,2,N,11,145,53.1,31,11.4,8,2.9,89,32.6,0,0.0,0.5,46,16,Y,61,27,Y,28,14,Y,37,15,Y,18,7,Y,8,3,N,7,3,N,16,7,Y,19,9,Y,19,7,Y,11,4,N,3,1,N,0,0,-9,3,5,N,59,41,Y,76,35,Y,3,15,N,1,202,N,56,5,Y,0,0,-9,1,1,N,46,29,Y,14,6,Y,0,0,-9,1,186,N,13,1,Y,0,0,-9,0,0,-9,0,0,-9,0,0,-9,0,0,-9,0,0,-9,1,4,N,0,0,-9,1,4,N,2,9,N,0,0,-9,0,0,-9,23,35,Y,22,40,Y,21,44,Y,24,47,Y,12,29,Y,3,8,N,20,17,Y,34,37,Y,13,15,Y,14,20,Y,5,11,N,4,11,N,0,0,-9,2,26,N,1,19,N,0,0,-9,0,0,-9,0,0,-9,0,0,-9,1,538,N,1,516,N,0,0,-9,0,0,-9,-1,-1,-9,9,3,N,18,7,Y,10,4,N,16,4,Y,12,3,Y,4,1,N,73.2,145,7.6,15,4.0,8,0.0,0,15.2,30,78.7,59,21.3,16,0.0,0,13.2,7,3.8,2,79.2,42,1.9,1,0.0,0,23.4,18,13.0,10,58.4,45,5.2,4,0.0,0,48.9,23,10.6,5,36.2,17,4.3,2,0.0,0,42.9,24,12.5,7,44.6,25,0.0,0,0.0,0,41.4,12,17.2,5,37.9,11,0.0,0,0.0,0,36.4,4,18.2,2,45.5,5,0.0,0,0.0,0,-8.0,0,-8.0,0,-8.0,0,-8.0,0,-8,0,25.0,1,0.0,0,75.0,3,0.0,0,0.0,0,60.0,63,7.6,8,29.5,31,2.9,3,0.0,0,17.8,16,13.3,12,70.0,63,0.0,0,0.0,0,0.0,0,0.0,0,100.0,3,0.0,0,0.0,0,50.0,1,0.0,0,50.0,1,0.0,0,0,0,13.0,9,17.4,12,65.2,45,5.8,4,0.0,0
2017,10,DE,Delaware,15,Y,123,23,Y,88,8,Y,35,42,Y,72,5,Y,27,34,Y,22,0,-9,0,0,-9,0,15,N,2,0,-9,0,18,Y,26,24,Y,31,29,Y,32,17,Y,21,8,N,11,1,N,2,55,44.7,14,11.4,6,4.9,48,39.0,0,0.0,0.4,19,26,Y,20,31,Y,22,41,Y,17,28,Y,9,15,N,1,1,N,7,10,N,11,17,N,10,18,N,4,6,N,2,3,N,1,1,N,0,0,-9,0,0,-9,48,60,Y,20,60,Y,1,16,N,0,0,-9,19,8,Y,0,0,-9,0,0,-9,24,26,Y,2,6,N,1,14,N,0,0,-9,8,3,N,0,0,-9,0,0,-9,0,0,-9,0,0,-9,0,0,-9,0,0,-9,0,0,-9,0,0,-9,0,0,-9,0,0,-9,0,0,-9,0,0,-9,17,45,Y,20,68,Y,15,59,Y,10,35,N,8,31,N,2,8,N,8,45,N,3,21,N,6,45,N,5,54,N,0,0,-9,0,0,-9,1,18,N,1,38,N,0,0,-9,0,0,-9,0,0,-9,0,0,-9,-1,-1,-9,-1,-1,-9,-1,-1,-9,-1,-1,-9,-1,-1,-9,-1,-1,-9,0,0,-9,7,9,N,11,18,N,6,8,N,3,3,N,0,0,-9,62.5,55,4.5,4,6.8,6,0.0,0,26.1,23,71.4,25,28.6,10,0.0,0,26.9,7,3.8,1,65.4,17,3.8,1,0.0,0,25.8,8,19.4,6,51.6,16,3.2,1,0.0,0,53.1,17,9.4,3,31.3,10,6.3,2,0.0,0,33.3,7,9.5,2,47.6,10,9.5,2,0.0,0,72.7,8,9.1,1,18.2,2,0.0,0,0.0,0,50.0,1,50.0,1,0.0,0,0.0,0,0.0,0,-8.0,0,-8.0,0,-8.0,0,-8.0,0,-8,0,-8.0,0,-8.0,0,-8.0,0,-8.0,0,-8.0,0,52.8,38,5.6,4,40.3,29,2.8,2,0.0,0,22.7,5,4.5,1,68.2,15,4.5,1,0.0,0,0.0,0,50.0,1,50.0,1,0.0,0,0.0,0,-8.0,0,-8.0,0,-8.0,0,-8.0,0,-8,0,18.5,5,29.6,8,40.7,11,11.1,3,0.0,0
2017,11,DC,"Washington, D.C.",52,Y,310,86,Y,240,22,Y,70,80,Y,211,15,Y,35,77,Y,46,7,N,2,0,-9,0,140,Y,16,0,-9,0,63,Y,64,70,Y,115,65,Y,67,35,Y,27,33,Y,23,17,Y,14,199,64.2,13,4.2,7,2.3,91,29.4,0,0.0,0.4,55,117,Y,99,129,Y,46,91,Y,18,47,Y,14,42,Y,8,23,N,9,17,N,16,18,Y,21,41,Y,9,24,N,9,24,N,6,12,N,0,0,-9,2,18,N,148,126,Y,43,142,Y,15,311,Y,0,0,-9,32,28,Y,0,0,-9,0,0,-9,63,43,Y,3,10,N,1,15,N,0,0,-9,3,3,N,0,0,-9,0,0,-9,0,0,-9,0,0,-9,0,0,-9,0,0,-9,0,0,-9,0,0,-9,0,0,-9,2,71,N,0,0,-9,0,0,-9,46,94,Y,78,152,Y,40,107,Y,18,47,Y,16,38,Y,13,28,Y,11,99,N,20,115,Y,14,107,Y,0,0,-9,1,18,N,0,0,-9,3,110,N,7,193,N,4,190,N,0,0,-9,2,229,N,0,0,-9,-1,-1,-9,0,0,-9,-1,-1,-9,-1,-1,-9,-1,-1,-9,-1,-1,-9,4,12,N,10,12,N,9,21,N,7,27,N,4,20,N,1,3,N,82.9,199,1.3,3,2.9,7,0.0,0,12.9,31,85.7,60,14.3,10,0.0,0,17.2,11,3.1,2,78.1,50,1.6,1,0.0,0,17.4,20,3.5,4,74.8,86,4.3,5,0.0,0,38.8,26,6.0,4,56.7,38,0.0,0,0.0,0,48.1,13,7.4,2,48.1,13,0.0,0,0.0,0,60.9,14,4.3,1,39.1,9,0.0,0,0.0,0,57.1,8,7.1,1,28.6,4,7.1,1,0.0,0,-8.0,0,-8.0,0,-8.0,0,-8.0,0,-8,0,0.0,0,0.0,0,100.0,2,0.0,0,0.0,0,40.3,85,3.8,8,54.5,115,1.4,3,0.0,0,8.7,4,2.2,1,84.8,39,4.3,2,0.0,0,0.0,0,6.3,1,93.8,15,0.0,0,0.0,0,-8.0,0,-8.0,0,-8.0,0,-8.0,0,-8,0,2.9,1,8.6,3,82.9,29,5.7,2,0.0,0
2017,12,FL,Florida,24,Y,4268,38,Y,3345,10,Y,923,69,Y,1829,10,Y,1028,29,Y,1287,8,Y,39,15,N,7,32,Y,73,45,N,5,27,Y,803,51,Y,1406,34,Y,844,24,Y,663,14,Y,400,4,Y,152,2552,59.8,183,4.3,115,2.7,1413,33.1,4,0.1,0.6,682,45,Y,1159,83,Y,637,51,Y,496,37,Y,265,20,Y,106,6,Y,121,8,Y,247,18,Y,207,16,Y,167,12,Y,135,9,Y,46,2,Y,7,30,N,34,15,Y,1252,100,Y,1136,52,Y,61,57,Y,4,73,N,851,17,Y,0,0,-9,5,2,N,577,41,Y,151,7,Y,12,10,Y,1,17,N,177,3,Y,1,13,N,2,28,N,2,32,N,1,13,N,1,11,N,0,0,-9,6,7,N,16,17,Y,13,14,Y,3,4,N,1,1,N,0,0,-9,425,72,Y,564,110,Y,343,81,Y,258,64,Y,173,48,Y,66,19,Y,209,24,Y,503,63,Y,280,35,Y,178,24,Y,82,15,Y,35,6,Y,21,27,Y,34,78,Y,8,25,N,2,8,N,6,26,N,2,9,N,1,51,N,3,135,N,0,0,-9,1,53,N,0,0,-9,0,0,-9,140,11,Y,284,22,Y,198,17,Y,220,15,Y,137,8,Y,49,2,Y,76.3,2552,2.6,88,3.4,115,0.1,3,17.5,587,89.5,826,10.4,96,0.1,1,19.6,157,1.7,14,75.5,606,2.9,23,0.4,3,24.1,339,4.6,65,67.9,955,3.4,48,0.0,0,39.7,335,5.0,42,52.8,446,2.5,21,0.0,0,41.8,277,5.1,34,51.3,340,1.8,12,0.0,0,55.0,220,5.5,22,37.0,148,2.5,10,0.0,0,55.9,85,4.6,7,37.5,57,0.7,1,0.7,1,28.6,2,0.0,0,57.1,4,14.3,1,0,0,17.9,7,0.0,0,82.1,32,0.0,0,0.0,0,50.2,918,2.8,52,45.8,837,1.1,20,0.2,3,20.5,264,1.8,23,75.7,974,2.0,26,0.0,0,20.5,15,4.1,3,63.0,46,11.0,8,1.4,1,40.0,2,0.0,0,60.0,3,0.0,0,0,0,19.9,205,10.2,105,64.0,658,5.8,60,0.1,1
2017,13,GA,Georgia,30,Y,2568,49,Y,2019,12,Y,549,67,Y,1779,8,Y,389,34,Y,246,7,Y,25,5,N,1,108,Y,127,19,N,1,35,Y,598,64,Y,928,32,Y,435,26,Y,369,15,Y,184,4,Y,54,1678,65.3,104,4.0,57,2.2,724,28.2,5,0.2,1.1,510,58,Y,785,109,Y,312,47,Y,257,37,Y,126,21,Y,29,5,Y,88,10,Y,143,20,Y,123,17,Y,112,15,Y,58,9,Y,25,3,Y,1,10,N,22,13,Y,1350,110,Y,212,56,Y,107,197,Y,1,38,N,326,14,Y,0,0,-9,3,2,N,429,30,Y,34,10,Y,20,32,Y,0,0,-9,63,3,Y,0,0,-9,0,0,-9,1,36,N,0,0,-9,0,0,-9,0,0,-9,9,13,N,6,8,N,2,3,N,5,8,N,2,5,N,1,3,N,458,76,Y,668,135,Y,284,64,Y,214,49,Y,117,32,Y,38,12,Y,46,23,Y,96,62,Y,55,35,Y,36,33,Y,11,19,N,2,5,N,35,79,Y,43,182,Y,18,108,Y,25,190,Y,5,50,N,1,11,N,1,83,N,0,0,-9,0,0,-9,0,0,-9,0,0,-9,0,0,-9,49,6,Y,115,16,Y,75,11,Y,89,11,Y,49,6,Y,12,1,Y,83.1,1678,2.5,50,2.8,57,0.1,3,11.4,231,90.0,494,9.8,54,0.4,2,15.6,93,1.8,11,81.3,486,1.0,6,0.5,3,19.6,182,3.3,31,74.0,687,2.8,26,0.1,1,37.2,162,5.7,25,53.6,233,3.2,14,0.0,0,41.5,153,5.4,20,51.2,189,1.9,7,0.0,0,53.8,99,6.5,12,38.0,70,1.6,3,0.0,0,63.0,34,11.1,6,24.1,13,1.9,1,1.9,1,0.0,0,0.0,0,100.0,1,0.0,0,0,0,20.0,5,4.0,1,72.0,18,0.0,0,4.0,1,31.9,568,3.3,58,63.5,1129,1.2,21,0.2,3,20.7,51,3.7,9,73.2,180,2.4,6,0.0,0,23.6,30,4.7,6,69.3,88,3.1,4,0.0,0,0.0,0,0.0,0,100.0,1,0.0,0,0,0,18.3,71,8.0,31,67.1,261,6.7,26,0.3,1
2017,15,HI,Hawaii,6,Y,74,11,Y,68,1,N,6,17,N,4,6,Y,17,11,Y,12,4,Y,18,0,-9,0,8,Y,16,6,N,7,5,N,11,14,Y,29,6,N,11,7,Y,13,4,N,8,1,N,2,51,68.9,4,5.4,6,8.1,14,18.9,0,0.0,0.2,10,9,N,27,25,Y,9,10,N,13,15,Y,7,8,N,2,2,N,1,1,N,2,2,N,2,2,N,0,0,-9,1,1,N,0,0,-9,0,0,-9,15,7,Y,4,27,N,12,22,Y,15,14,Y,6,11,N,16,11,Y,0,0,-9,3,1,N,0,0,-9,0,0,-9,1,1,N,1,2,N,1,1,N,0,0,-9,0,0,-9,0,0,-9,0,0,-9,0,0,-9,0,0,-9,7,13,N,4,7,N,3,5,N,2,3,N,1,1,N,1,1,N,0,0,-9,2,29,N,0,0,-9,2,69,N,0,0,-9,0,0,-9,2,7,N,8,31,N,1,5,N,1,8,N,0,0,-9,0,0,-9,1,2,N,5,12,N,5,15,N,2,7,N,3,12,N,0,0,-9,1,5,N,3,14,N,1,6,N,2,12,N,0,0,-9,0,0,-9,0,0,-9,7,14,N,1,3,N,4,11,N,4,8,N,1,1,N,75.0,51,4.4,3,8.8,6,0.0,0,13.2,9,83.3,5,16.7,1,0.0,0,9.1,1,0.0,0,90.9,10,0.0,0,0.0,0,13.8,4,6.9,2,72.4,21,6.9,2,0.0,0,36.4,4,0.0,0,36.4,4,27.3,3,0.0,0,15.4,2,7.7,1,76.9,10,0.0,0,0.0,0,25.0,2,12.5,1,62.5,5,0.0,0,0.0,0,50.0,1,0.0,0,100.0,2,0.0,0,0.0,0,-8.0,0,-8.0,0,-8.0,0,-8.0,0,-8,0,16.7,3,0.0,0,83.3,15,0.0,0,0.0,0,25.0,1,0.0,0,75.0,3,0.0,0,0.0,0,8.3,1,0.0,0,83.3,10,8.3,1,0.0,0,31.3,5,0.0,0,56.3,9,12.5,2,0.0,0,28.6,2,14.3,1,42.9,3,14.3,1,0,0,5.9,1,17.6,3,70.6,12,5.9,1,0.0,0
2017,16,ID,Idaho,3,Y,45,6,Y,41,1,N,4,42,N,4,3,Y,31,5,N,8,0,-9,0,0,-9,0,9,N,2,0,-9,0,3,N,8,8,Y,17,4,N,8,4,N,7,2,N,5,0,-9,0,29,64.4,2,4.4,8,17.8,6,13.3,0,0.0,0.2,8,5,N,14,12,Y,7,7,N,7,7,N,5,5,N,0,0,-9,0,0,-9,3,3,N,1,1,N,0,0,-9,0,0,-9,0,0,-9,0,0,-9,0,0,-9,3,52,N,8,10,N,2,17,N,0,0,-9,28,5,Y,0,0,-9,0,0,-9,1,27,N,0,0,-9,0,0,-9,0,0,-9,3,1,N,0,0,-9,0,0,-9,0,0,-9,0,0,-9,0,0,-9,0,0,-9,0,0,-9,0,0,-9,0,0,-9,0,0,-9,0,0,-9,0,0,-9,0,0,-9,3,133,N,0,0,-9,0,0,-9,1,102,N,0,0,-9,2,4,N,1,3,N,2,7,N,2,10,N,1,8,N,0,0,-9,0,0,-9,0,0,-9,1,31,N,0,0,-9,1,45,N,0,0,-9,0,0,-9,0,0,-9,0,0,-9,0,0,-9,0,0,-9,0,0,-9,6,3,N,13,7,Y,5,3,N,5,3,N,2,1,N,0,0,-9,70.7,29,2.4,1,19.5,8,0.0,0,7.3,3,100.0,4,25.0,1,0.0,0,0.0,0,0.0,0,87.5,7,12.5,1,0.0,0,23.5,4,5.9,1,41.2,7,23.5,4,0.0,0,12.5,1,0.0,0,62.5,5,25.0,2,0.0,0,0.0,0,0.0,0,85.7,6,14.3,1,0.0,0,20.0,1,0.0,0,80.0,4,0.0,0,0.0,0,-8.0,0,-8.0,0,-8.0,0,-8.0,0,-8.0,0,-8.0,0,-8.0,0,-8.0,0,-8.0,0,-8,0,-8.0,0,-8.0,0,-8.0,0,-8.0,0,-8.0,0,50.0,2,0.0,0,50.0,2,0.0,0,0.0,0,12.5,1,0.0,0,75.0,6,12.5,1,0.0,0,0.0,0,0.0,0,100.0,2,0.0,0,0.0,0,-8.0,0,-8.0,0,-8.0,0,-8.0,0,-8,0,12.9,4,3.2,1,61.3,19,22.6,7,0.0,0
2017,17,IL,Illinois,13,Y,1398,22,Y,1170,4,Y,228,45,Y,673,5,Y,306,18,Y,297,6,Y,37,6,N,1,63,Y,82,68,N,2,18,Y,364,27,Y,474,16,Y,253,11,Y,191,5,Y,81,2,Y,35,1023,73.2,58,4.1,34,2.4,277,19.8,7,0.5,0.5,323,31,Y,412,46,Y,196,24,Y,154,19,Y,59,7,Y,26,3,Y,41,4,Y,62,7,Y,57,7,Y,37,4,Y,22,3,Y,9,1,N,1,12,N,31,11,Y,514,75,Y,269,31,Y,68,107,Y,2,134,N,285,9,Y,0,0,-9,6,2,N,159,20,Y,28,3,Y,14,21,Y,0,0,-9,21,1,Y,0,0,-9,1,36,N,0,0,-9,0,0,-9,0,0,-9,0,0,-9,5,5,N,14,11,Y,11,9,N,5,5,N,0,0,-9,2,2,N,221,68,Y,214,80,Y,95,43,Y,82,36,Y,44,20,Y,17,8,Y,61,13,Y,120,35,Y,74,22,Y,30,12,Y,7,4,N,5,4,N,22,42,Y,28,106,Y,16,92,Y,11,84,N,3,28,N,2,20,N,1,174,N,1,153,N,0,0,-9,0,0,-9,0,0,-9,0,0,-9,54,5,Y,96,10,Y,57,6,Y,63,6,Y,27,2,Y,9,1,N,87.4,1023,2.3,27,2.9,34,0.2,2,7.2,84,84.2,192,13.6,31,2.2,5,11.3,41,2.2,8,82.1,299,3.6,13,0.8,3,14.6,69,2.7,13,80.4,381,1.9,9,0.4,2,27.7,70,4.3,11,65.6,166,2.8,7,0.4,1,28.8,55,5.8,11,63.9,122,1.0,2,0.0,0,35.8,29,9.9,8,53.1,43,1.2,1,1.2,1,37.1,13,20.0,7,37.1,13,5.7,2,0.0,0,0.0,0,0.0,0,100.0,1,0.0,0,0,0,24.3,9,2.7,1,73.0,27,0.0,0,0.0,0,27.0,182,5.5,37,65.2,439,1.6,11,0.7,5,12.5,37,2.4,7,81.8,243,3.4,10,0.3,1,19.5,16,4.9,4,72.0,59,3.7,3,0.0,0,0.0,0,0.0,0,100.0,2,0.0,0,0,0,11.1,34,2.9,9,82.7,253,3.3,10,0.3,1
2017,18,IN,Indiana,9,Y,513,15,Y,406,4,Y,107,45,Y,226,4,Y,185,19,Y,63,9,N,11,0,-9,0,38,Y,28,0,-9,0,11,Y,122,20,Y,172,12,Y,95,9,Y,75,5,Y,41,1,N,8,304,59.3,49,9.6,18,3.5,142,27.7,1,0.2,0.4,106,19,Y,134,31,Y,70,17,Y,60,14,Y,29,7,Y,7,2,N,16,3,Y,38,9,Y,25,6,Y,15,4,Y,12,3,Y,1,0,N,0,0,-9,9,14,N,174,73,Y,53,31,Y,23,65,Y,0,0,-9,147,7,Y,0,0,-9,2,3,N,52,20,Y,10,6,N,5,13,N,0,0,-9,38,2,Y,0,0,-9,0,0,-9,0,0,-9,0,0,-9,0,0,-9,0,0,-9,1,3,N,5,18,N,2,8,N,1,6,N,1,9,N,1,10,N,75,63,Y,77,80,Y,34,42,Y,24,32,Y,13,19,Y,3,5,N,15,15,Y,24,36,Y,14,20,Y,4,9,N,5,18,N,1,5,N,7,21,N,11,78,N,4,46,N,4,61,N,2,37,N,0,0,-9,0,0,-9,0,0,-9,0,0,-9,0,0,-9,0,0,-9,0,0,-9,24,3,Y,55,8,Y,41,7,Y,42,6,Y,20,3,Y,3,0,N,74.9,304,7.1,29,4.4,18,0.0,0,13.5,55,80.4,86,18.7,20,0.9,1,11.5,14,4.9,6,80.3,98,4.1,5,0.8,1,29.1,50,7.0,12,59.9,103,4.1,7,0.0,0,35.8,34,14.7,14,46.3,44,3.2,3,0.0,0,33.3,25,12.0,9,53.3,40,2.7,2,0.0,0,41.5,17,19.5,8,39.0,16,2.4,1,0.0,0,37.5,3,12.5,1,50.0,4,0.0,0,0.0,0,-8.0,0,-8.0,0,-8.0,0,-8.0,0,-8,0,36.4,4,0.0,0,63.6,7,0.0,0,0.0,0,35.4,80,5.3,12,57.5,130,1.3,3,0.0,0,28.6,18,6.3,4,58.7,37,6.3,4,0.0,0,28.6,8,7.1,2,57.1,16,7.1,2,0.0,0,-8.0,0,-8.0,0,-8.0,0,-8.0,0,-8,0,17.3,32,16.8,31,61.1,113,4.9,9,0.0,0
2017,19,IA,Iowa,5,Y,124,8,Y,100,2,Y,24,39,Y,34,3,Y,61,14,Y,18,3,N,2,0,-9,0,30,N,9,0,-9,0,7,Y,34,10,Y,38,4,Y,14,6,Y,22,3,Y,14,0,N,2,76,61.3,8,6.5,9,7.3,31,25.0,0,0.0,0.5,28,10,Y,34,17,Y,9,5,N,18,9,Y,9,4,N,2,1,N,6,2,N,4,2,N,5,3,N,4,2,N,5,2,N,0,0,-9,0,0,-9,2,6,N,21,45,Y,16,23,Y,8,54,N,0,0,-9,53,5,Y,0,0,-9,0,0,-9,13,32,Y,2,3,N,1,7,N,0,0,-9,8,1,N,0,0,-9,0,0,-9,0,0,-9,0,0,-9,0,0,-9,0,0,-9,1,5,N,1,6,N,0,0,-9,0,0,-9,0,0,-9,0,0,-9,11,43,N,11,54,N,4,26,N,5,44,N,3,35,N,0,0,-9,6,14,N,6,21,N,2,8,N,3,17,N,1,10,N,0,0,-9,4,27,N,3,53,N,1,28,N,1,41,N,0,0,-9,0,0,-9,0,0,-9,0,0,-9,0,0,-9,0,0,-9,0,0,-9,0,0,-9,12,3,Y,17,5,Y,7,2,N,13,4,Y,10,3,N,2,0,N,76.0,76,5.0,5,9.0,9,0.0,0,10.0,10,87.5,21,12.5,3,0.0,0,14.7,5,5.9,2,76.5,26,2.9,1,0.0,0,13.2,5,5.3,2,73.7,28,7.9,3,0.0,0,42.9,6,7.1,1,35.7,5,14.3,2,0.0,0,31.8,7,13.6,3,45.5,10,9.1,2,0.0,0,50.0,7,0.0,0,42.9,6,7.1,1,0.0,0,0.0,0,0.0,0,100.0,2,0.0,0,0.0,0,-8.0,0,-8.0,0,-8.0,0,-8.0,0,-8,0,0.0,0,0.0,0,100.0,2,0.0,0,0.0,0,55.9,19,2.9,1,35.3,12,5.9,2,0.0,0,11.1,2,11.1,2,72.2,13,5.6,1,0.0,0,11.1,1,0.0,0,88.9,8,0.0,0,0.0,0,-8.0,0,-8.0,0,-8.0,0,-8.0,0,-8,0,14.8,9,8.2,5,67.2,41,9.8,6,0.0,0
2017,20,KS,Kansas,5,Y,115,8,Y,89,2,Y,26,27,Y,36,3,Y,46,10,Y,24,5,N,4,0,-9,0,11,N,5,0,-9,0,9,Y,46,9,Y,35,5,Y,16,4,Y,13,1,N,3,0,N,2,76,66.1,8,7.0,8,7.0,22,19.1,1,0.9,0.4,34,13,Y,32,16,Y,11,6,N,8,5,N,2,1,N,2,1,N,12,5,Y,3,2,N,5,3,N,5,3,N,1,1,N,0,0,-9,0,0,-9,3,9,N,24,34,Y,20,15,Y,4,17,N,0,0,-9,38,4,Y,0,0,-9,1,3,N,12,19,Y,4,3,N,1,4,N,0,0,-9,8,1,N,0,0,-9,0,0,-9,0,0,-9,0,0,-9,0,0,-9,0,0,-9,1,6,N,1,6,N,0,0,-9,2,19,N,0,0,-9,0,0,-9,11,34,N,12,45,Y,9,43,N,2,10,N,2,11,N,0,0,-9,15,19,Y,4,8,N,2,4,N,3,9,N,0,0,-9,0,0,-9,2,10,N,3,33,N,0,0,-9,0,0,-9,0,0,-9,0,0,-9,0,0,-9,0,0,-9,0,0,-9,0,0,-9,0,0,-9,0,0,-9,17,5,Y,15,5,Y,5,2,N,6,2,N,1,0,N,2,1,N,85.4,76,2.2,2,9.0,8,1.1,1,2.2,2,80.8,21,23.1,6,0.0,0,19.6,9,6.5,3,67.4,31,4.3,2,2.2,1,8.6,3,2.9,1,77.1,27,11.4,4,0.0,0,31.3,5,6.3,1,56.3,9,6.3,1,0.0,0,30.8,4,7.7,1,53.8,7,7.7,1,0.0,0,33.3,1,0.0,0,66.7,2,0.0,0,0.0,0,0.0,0,50.0,1,50.0,1,0.0,0,0.0,0,-8.0,0,-8.0,0,-8.0,0,-8.0,0,-8,0,25.0,1,0.0,0,75.0,3,0.0,0,0.0,0,33.3,12,5.6,2,47.2,17,11.1,4,2.8,1,12.5,3,4.2,1,83.3,20,0.0,0,0.0,0,40.0,2,0.0,0,60.0,3,0.0,0,0.0,0,-8.0,0,-8.0,0,-8.0,0,-8.0,0,-8,0,10.9,5,8.7,4,71.7,33,8.7,4,0.0,0
2017,21,KY,Kentucky,10,Y,366,16,Y,296,4,Y,70,35,Y,103,7,Y,212,25,Y,29,4,N,2,0,-9,0,42,Y,20,0,-9,0,10,Y,70,23,Y,134,12,Y,67,11,Y,63,4,Y,26,1,N,6,225,61.5,53,14.5,42,11.5,47,12.8,1,0.3,0.4,55,15,Y,114,39,Y,52,19,Y,49,17,Y,21,7,Y,5,2,N,15,4,Y,20,7,Y,15,5,Y,14,5,Y,5,2,N,1,0,N,0,0,-9,2,8,N,82,56,Y,26,40,Y,18,79,Y,0,0,-9,168,11,Y,0,0,-9,0,0,-9,21,14,Y,3,6,N,2,8,N,0,0,-9,44,3,Y,0,0,-9,0,0,-9,0,0,-9,0,0,-9,0,0,-9,0,0,-9,2,17,N,0,0,-9,0,0,-9,0,0,-9,0,0,-9,0,0,-9,30,42,Y,36,67,Y,16,35,Y,16,36,Y,5,12,N,0,0,-9,9,27,N,13,49,Y,4,17,N,2,12,N,1,11,N,0,0,-9,4,20,N,10,117,N,2,36,N,0,0,-9,4,101,N,0,0,-9,0,0,-9,0,0,-9,0,0,-9,0,0,-9,0,0,-9,0,0,-9,25,4,Y,75,16,Y,45,10,Y,45,9,Y,16,3,Y,6,1,N,76.0,225,7.8,23,14.2,42,0.0,0,2.0,6,57.1,40,41.4,29,0.0,0,12.9,9,11.4,8,70.0,49,7.1,5,0.0,0,8.2,11,13.4,18,64.2,86,14.9,20,0.0,0,14.9,10,22.4,15,47.8,32,14.9,10,0.0,0,20.6,13,14.3,9,55.6,35,9.5,6,0.0,0,11.5,3,15.4,4,69.2,18,7.7,2,0.0,0,16.7,1,0.0,0,83.3,5,0.0,0,0.0,0,-8.0,0,-8.0,0,-8.0,0,-8.0,0,-8,0,0.0,0,0.0,0,100.0,2,0.0,0,0.0,0,21.4,22,3.9,4,72.8,75,1.9,2,0.0,0,3.4,1,6.9,2,86.2,25,3.4,1,0.0,0,5.0,1,5.0,1,75.0,15,10.0,2,0.0,0,-8.0,0,-8.0,0,-8.0,0,-8.0,0,-8,0,10.4,22,21.2,45,50.9,108,17.5,37,0.5,1
2017,22,LA,Louisiana,25,Y,975,40,Y,741,12,Y,234,55,Y,663,9,Y,214,43,Y,77,4,N,3,0,-9,0,43,Y,18,0,-9,0,33,Y,241,53,Y,356,28,Y,163,21,Y,120,12,Y,72,3,Y,23,580,59.5,51,5.2,33,3.4,311,31.9,1,0.1,1.1,203,54,Y,271,80,Y,119,42,Y,78,28,Y,52,18,Y,18,6,Y,38,11,Y,85,25,Y,44,15,Y,42,14,Y,20,6,Y,5,1,N,0,0,-9,2,6,N,479,85,Y,65,67,Y,13,66,Y,0,0,-9,182,16,Y,0,0,-9,1,3,N,184,28,Y,12,15,Y,5,23,N,0,0,-9,32,3,Y,0,0,-9,0,0,-9,0,0,-9,0,0,-9,0,0,-9,0,0,-9,1,7,N,0,0,-9,1,8,N,1,9,N,0,0,-9,0,0,-9,182,65,Y,242,105,Y,103,56,Y,74,43,Y,46,26,Y,16,9,Y,14,36,Y,37,89,Y,15,41,Y,7,28,N,2,11,N,2,11,N,4,27,N,7,88,N,4,72,N,1,23,N,1,24,N,1,22,N,0,0,-9,0,0,-9,0,0,-9,0,0,-9,0,0,-9,0,0,-9,40,10,Y,70,19,Y,40,12,Y,37,10,Y,23,6,Y,4,1,N,78.3,580,3.8,28,4.5,33,0.0,0,13.5,100,89.7,210,10.3,24,0.0,0,18.3,44,2.1,5,78.0,188,2.1,5,0.0,0,30.9,110,3.1,11,61.2,218,4.5,16,0.0,0,36.2,59,9.8,16,48.5,79,5.5,9,0.0,0,46.7,56,8.3,10,43.3,52,2.5,3,0.0,0,43.1,31,11.1,8,45.8,33,1.4,1,0.0,0,52.2,12,4.3,1,39.1,9,4.3,1,0.0,0,-8.0,0,-8.0,0,-8.0,0,-8.0,0,-8,0,33.3,1,0.0,0,66.7,2,0.0,0,0.0,0,37.0,245,4.8,32,56.3,373,2.0,13,0.0,0,28.6,22,3.9,3,63.6,49,3.9,3,0.0,0,33.3,6,0.0,0,61.1,11,5.6,1,0.0,0,-8.0,0,-8.0,0,-8.0,0,-8.0,0,-8,0,17.3,37,7.5,16,67.8,145,7.9,17,0.0,0
2017,23,ME,Maine,3,Y,29,4,Y,25,1,N,4,20,N,3,2,Y,23,6,N,1,0,-9,0,0,-9,0,14,N,2,0,-9,0,2,N,3,7,N,11,3,N,5,3,N,6,1,N,3,0,N,1,20,69.0,3,10.3,1,3.4,5,17.2,0,0.0,0.2,3,3,N,8,10,N,5,7,N,5,6,N,3,3,N,1,1,N,0,0,-9,3,4,N,0,0,-9,1,1,N,0,0,-9,0,0,-9,0,0,-9,0,0,-9,2,24,N,1,12,N,2,28,N,0,0,-9,20,4,Y,0,0,-9,0,0,-9,1,16,N,0,0,-9,0,0,-9,0,0,-9,3,1,N,0,0,-9,0,0,-9,0,0,-9,0,0,-9,0,0,-9,0,0,-9,0,0,-9,0,0,-9,0,0,-9,0,0,-9,0,0,-9,0,0,-9,0,0,-9,2,64,N,1,38,N,0,0,-9,0,0,-9,0,0,-9,0,0,-9,0,0,-9,1,33,N,0,0,-9,0,0,-9,0,0,-9,0,0,-9,1,38,N,0,0,-9,0,0,-9,1,59,N,0,0,-9,-1,-1,-9,-1,-1,-9,-1,-1,-9,-1,-1,-9,-1,-1,-9,-1,-1,-9,3,2,N,8,6,N,3,2,N,6,3,N,2,1,N,1,0,N,80.0,20,8.0,2,4.0,1,0.0,0,8.0,2,75.0,3,25.0,1,0.0,0,0.0,0,0.0,0,100.0,3,0.0,0,0.0,0,36.4,4,9.1,1,45.5,5,9.1,1,0.0,0,0.0,0,20.0,1,80.0,4,0.0,0,0.0,0,16.7,1,0.0,0,83.3,5,0.0,0,0.0,0,0.0,0,0.0,0,100.0,3,0.0,0,0.0,0,0.0,0,0.0,0,0.0,0,0.0,0,0.0,0,-8.0,0,-8.0,0,-8.0,0,-8.0,0,-8,0,-8.0,0,-8.0,0,-8.0,0,-8.0,0,-8.0,0,33.3,1,0.0,0,33.3,1,0.0,0,0.0,0,0.0,0,0.0,0,100.0,1,0.0,0,0.0,0,0.0,0,0.0,0,50.0,1,50.0,1,0.0,0,-8.0,0,-8.0,0,-8.0,0,-8.0,0,-8,0,17.4,4,8.7,2,73.9,17,0.0,0,0.0,0
2017,24,MD,Maryland,20,Y,1007,30,Y,730,11,Y,277,45,Y,675,5,Y,140,24,Y,107,3,N,11,8,N,1,79,Y,73,0,-9,0,24,Y,218,42,Y,349,24,Y,182,18,Y,149,9,Y,74,4,Y,35,549,54.5,57,5.7,24,2.4,377,37.4,1,0.1,0.6,185,40,Y,277,67,Y,114,31,Y,89,22,Y,47,12,Y,18,5,Y,33,7,Y,72,17,Y,68,17,Y,60,14,Y,27,6,Y,17,3,Y,0,0,-9,11,7,N,456,66,Y,94,40,Y,63,146,Y,0,0,-9,106,8,Y,1,15,N,0,0,-9,219,27,Y,13,6,Y,10,20,N,0,0,-9,34,3,Y,1,47,N,0,0,-9,0,0,-9,0,0,-9,0,0,-9,0,0,-9,3,6,N,2,3,N,3,5,N,3,5,N,0,0,-9,0,0,-9,150,51,Y,229,87,Y,115,49,Y,97,37,Y,59,26,Y,25,11,Y,30,28,Y,40,41,Y,22,22,Y,10,14,N,3,7,N,2,7,N,15,43,Y,36,200,Y,11,84,N,7,66,N,2,25,N,2,29,N,0,0,-9,0,0,-9,0,0,-9,0,0,-9,0,0,-9,0,0,-9,19,5,Y,42,11,Y,31,9,Y,32,7,Y,10,2,N,6,1,N,75.2,549,3.8,28,3.3,24,0.1,1,17.7,129,89.5,248,10.5,29,0.0,0,18.3,40,1.4,3,77.1,168,3.2,7,0.0,0,28.9,101,4.9,17,63.6,222,2.6,9,0.0,0,47.3,86,7.1,13,43.4,79,2.2,4,0.0,0,53.0,79,8.7,13,35.6,53,2.7,4,0.0,0,59.5,44,10.8,8,29.7,22,0.0,0,0.0,0,77.1,27,5.7,2,17.1,6,0.0,0,0.0,0,100.0,1,0.0,0,0.0,0,0.0,0,0,0,0.0,0,0.0,0,90.9,10,9.1,1,0.0,0,45.8,309,3.1,21,49.8,336,1.2,8,0.1,1,23.4,25,1.9,2,71.0,76,3.7,4,0.0,0,23.3,17,4.1,3,68.5,50,4.1,3,0.0,0,-8.0,0,-8.0,0,-8.0,0,-8.0,0,-8,0,17.9,25,21.4,30,55.0,77,5.7,8,0.0,0
2017,25,MA,Massachusetts,10,Y,599,16,Y,448,5,Y,151,38,Y,154,5,Y,218,31,Y,191,5,Y,19,10,N,1,18,Y,15,42,N,1,9,Y,94,22,Y,211,16,Y,133,10,Y,96,6,Y,52,1,Y,13,293,48.9,144,24.0,28,4.7,133,22.2,1,0.2,0.4,78,14,Y,170,35,Y,93,23,Y,67,15,Y,34,8,Y,6,1,N,16,3,Y,41,8,Y,40,10,Y,29,6,Y,18,4,Y,7,1,N,0,0,-9,17,9,Y,91,47,Y,159,51,Y,11,28,N,1,90,N,169,8,Y,1,19,N,2,1,N,63,30,Y,32,10,Y,4,9,N,0,0,-9,49,2,Y,0,0,-9,0,0,-9,1,74,N,0,0,-9,0,0,-9,0,0,-9,5,6,N,6,6,N,4,5,N,3,5,N,1,2,N,0,0,-9,18,20,Y,47,59,Y,34,52,Y,30,47,Y,20,37,Y,5,10,N,38,22,Y,71,50,Y,46,39,Y,30,33,Y,2,3,N,4,8,N,3,10,N,7,40,N,2,18,N,2,23,N,0,0,-9,1,18,N,0,0,-9,0,0,-9,1,260,N,0,0,-9,0,0,-9,0,0,-9,30,4,Y,80,12,Y,45,8,Y,31,4,Y,29,4,Y,3,0,N,65.4,293,20.1,90,6.3,28,0.2,1,8.0,36,64.2,97,35.1,53,0.7,1,7.4,7,18.1,17,68.1,64,6.4,6,0.0,0,16.1,34,22.3,47,53.1,112,8.5,18,0.5,1,22.6,30,31.6,42,42.1,56,3.0,4,0.0,0,35.4,34,18.8,18,44.8,43,1.0,1,0.0,0,40.4,21,28.8,15,30.8,16,0.0,0,0.0,0,53.8,7,30.8,4,15.4,2,0.0,0,0.0,0,0.0,0,100.0,1,0.0,0,0.0,0,0,0,10.5,2,0.0,0,73.7,14,10.5,2,0.0,0,49.4,76,11.7,18,35.7,55,2.6,4,0.6,1,16.8,32,25.7,49,55.0,105,2.6,5,0.0,0,13.3,2,13.3,2,66.7,10,6.7,1,0.0,0,0.0,0,0.0,0,100.0,1,0.0,0,0,0,9.6,21,33.5,73,49.5,108,7.3,16,0.0,0
2017,26,MI,Michigan,9,Y,773,15,Y,633,3,Y,140,39,Y,438,4,Y,230,20,Y,76,2,N,6,2,N,1,16,Y,22,0,-9,0,12,Y,195,22,Y,275,11,Y,131,8,Y,100,4,Y,60,1,Y,12,553,71.5,51,6.6,27,3.5,140,18.1,1,0.1,0.5,176,21,Y,232,36,Y,93,16,Y,77,12,Y,44,7,Y,11,2,N,19,2,Y,43,7,Y,38,7,Y,23,3,Y,16,2,Y,1,0,N,1,4,N,6,5,N,342,65,Y,67,35,Y,18,26,Y,0,0,-9,199,6,Y,0,0,-9,0,0,-9,96,16,Y,9,5,N,4,6,N,0,0,-9,31,1,Y,0,0,-9,1,13,N,0,0,-9,0,0,-9,0,0,-9,0,0,-9,3,5,N,3,5,N,0,0,-9,0,0,-9,0,0,-9,0,0,-9,132,53,Y,164,81,Y,68,41,Y,41,23,Y,31,19,Y,2,1,N,17,15,Y,29,38,Y,17,25,Y,11,21,N,2,6,N,0,0,-9,6,10,N,12,44,Y,0,0,-9,3,20,N,1,8,N,0,0,-9,0,0,-9,0,0,-9,0,0,-9,0,0,-9,0,0,-9,0,0,-9,37,3,Y,66,7,Y,46,5,Y,45,4,Y,26,2,Y,10,1,N,87.4,553,2.8,18,4.3,27,0.0,0,5.4,34,75.7,106,24.3,34,0.7,1,8.2,16,2.6,5,86.2,168,2.6,5,0.0,0,15.3,42,5.8,16,73.5,202,5.5,15,0.0,0,29.0,38,9.9,13,58.8,77,2.3,3,0.0,0,25.0,25,10.0,10,64.0,64,1.0,1,0.0,0,30.0,18,10.0,6,56.7,34,3.3,2,0.0,0,16.7,2,8.3,1,66.7,8,8.3,1,0.0,0,0.0,0,0.0,0,100.0,1,0.0,0,0,0,0.0,0,0.0,0,100.0,6,0.0,0,0.0,0,24.2,106,5.0,22,68.7,301,2.1,9,0.2,1,14.5,11,3.9,3,76.3,58,5.3,4,0.0,0,18.2,4,0.0,0,77.3,17,4.5,1,0.0,0,-8.0,0,-8.0,0,-8.0,0,-8.0,0,-8,0,8.7,20,11.3,26,74.3,171,5.7,13,0.0,0
2017,27,MN,Minnesota,6,Y,277,9,Y,207,3,Y,70,46,Y,121,2,Y,92,17,Y,36,3,N,7,4,N,2,25,Y,19,0,-9,0,7,Y,56,11,Y,84,7,Y,50,8,Y,55,4,Y,27,1,N,5,160,57.8,14,5.1,20,7.2,81,29.2,2,0.7,0.2,48,11,Y,59,15,Y,38,11,Y,42,12,Y,16,4,Y,4,1,N,8,2,N,25,7,Y,12,4,Y,13,4,Y,11,3,N,1,0,N,2,9,N,6,6,N,73,55,Y,32,29,Y,14,39,Y,0,0,-9,80,4,Y,0,0,-9,1,1,N,48,37,Y,4,4,N,5,13,N,0,0,-9,12,1,Y,0,0,-9,1,11,N,0,0,-9,1,15,N,0,0,-9,0,0,-9,1,2,N,6,10,N,0,0,-9,0,0,-9,0,0,-9,0,0,-9,30,43,Y,34,55,Y,19,39,Y,21,56,Y,15,57,Y,2,11,N,9,14,N,11,23,N,7,16,N,8,27,N,1,6,N,0,0,-9,3,9,N,9,56,N,2,20,N,4,59,N,1,20,N,0,0,-9,0,0,-9,0,0,-9,0,0,-9,0,0,-9,0,0,-9,0,0,-9,13,2,Y,23,4,Y,22,4,Y,21,4,Y,10,2,N,3,0,N,77.3,160,4.3,9,9.7,20,0.0,0,8.7,18,88.6,62,8.6,6,2.9,2,14.3,8,1.8,1,80.4,45,1.8,1,1.8,1,31.0,26,4.8,4,51.2,43,11.9,10,1.2,1,30.0,15,6.0,3,56.0,28,8.0,4,0.0,0,32.7,18,7.3,4,54.5,30,5.5,3,0.0,0,44.4,12,3.7,1,48.1,13,3.7,1,0.0,0,40.0,2,0.0,0,60.0,3,0.0,0,0.0,0,0.0,0,0.0,0,50.0,1,50.0,1,0,0,14.3,1,0.0,0,85.7,6,0.0,0,0.0,0,47.9,58,3.3,4,44.6,54,2.5,3,1.7,2,13.9,5,0.0,0,77.8,28,5.6,2,0.0,0,21.1,4,15.8,3,57.9,11,5.3,1,0.0,0,-8.0,0,-8.0,0,-8.0,0,-8.0,0,-8,0,13.0,12,7.6,7,65.2,60,13.0,12,0.0,0
2017,28,MS,Mississippi,17,Y,427,27,Y,322,8,Y,105,37,Y,335,4,Y,64,24,Y,17,4,N,1,0,-9,0,49,N,10,0,-9,0,24,Y,118,37,Y,145,20,Y,72,15,Y,57,7,Y,26,2,N,9,265,62.1,8,1.9,5,1.2,147,34.4,1,0.2,1.6,96,38,Y,114,58,Y,52,29,Y,37,20,Y,16,9,Y,7,4,N,22,9,Y,31,16,Y,20,11,Y,20,10,Y,10,5,N,2,1,N,0,0,-9,1,8,N,249,60,Y,15,37,Y,8,81,N,0,0,-9,49,7,Y,0,0,-9,0,0,-9,86,18,Y,2,7,N,2,19,N,0,0,-9,15,2,Y,0,0,-9,0,0,-9,0,0,-9,0,0,-9,0,0,-9,0,0,-9,0,0,-9,0,0,-9,1,21,N,0,0,-9,0,0,-9,0,0,-9,98,46,Y,116,72,Y,55,39,Y,37,28,Y,21,16,Y,8,7,N,2,11,N,8,49,N,5,33,N,2,21,N,0,0,-9,0,0,-9,3,37,N,3,90,N,1,41,N,2,99,N,1,49,N,0,0,-9,0,0,-9,0,0,-9,0,0,-9,0,0,-9,-1,-1,-9,0,0,-9,15,6,Y,18,9,Y,10,5,N,16,7,Y,4,2,N,1,0,N,82.3,265,1.2,4,1.6,5,0.0,0,14.9,48,95.2,100,3.8,4,1.0,1,21.2,25,0.8,1,75.4,89,1.7,2,0.8,1,27.6,40,1.4,2,70.3,102,0.7,1,0.0,0,44.4,32,2.8,2,51.4,37,1.4,1,0.0,0,49.1,28,5.3,3,43.9,25,1.8,1,0.0,0,65.4,17,3.8,1,34.6,9,0.0,0,0.0,0,55.6,5,11.1,1,33.3,3,0.0,0,0.0,0,-8.0,0,-8.0,0,-8.0,0,-8.0,0,-8,0,0.0,0,0.0,0,100.0,1,0.0,0,0.0,0,37.0,124,1.8,6,60.3,202,0.6,2,0.3,1,11.8,2,0.0,0,82.4,14,0.0,0,0.0,0,20.0,2,0.0,0,70.0,7,10.0,1,0.0,0,-8.0,0,-8.0,0,-8.0,0,-8.0,0,-8,0,29.7,19,3.1,2,64.1,41,1.6,1,0.0,0
2017,29,MO,Missouri,10,Y,501,16,Y,402,4,Y,99,44,Y,252,5,Y,186,20,Y,37,7,N,7,0,-9,0,24,Y,19,0,-9,0,13,Y,127,23,Y,191,11,Y,79,7,Y,55,5,Y,38,1,N,11,333,66.5,25,5.0,27,5.4,115,23.0,2,0.4,0.4,110,22,Y,150,36,Y,65,18,Y,41,11,Y,30,8,Y,6,1,N,17,4,Y,41,10,Y,14,4,Y,14,4,Y,8,2,N,5,1,N,0,0,-9,7,14,N,184,69,Y,32,33,Y,18,46,Y,0,0,-9,161,8,Y,0,0,-9,0,0,-9,68,22,Y,5,6,N,1,3,N,0,0,-9,25,1,Y,0,0,-9,0,0,-9,0,0,-9,0,0,-9,0,0,-9,0,0,-9,2,8,N,2,9,N,0,0,-9,1,7,N,2,19,N,0,0,-9,80,61,Y,102,94,Y,30,35,Y,19,22,Y,16,19,Y,5,6,N,8,15,N,16,39,Y,7,20,N,4,16,N,1,6,N,1,8,N,8,26,N,9,58,N,2,19,N,0,0,-9,0,0,-9,0,0,-9,0,0,-9,0,0,-9,0,0,-9,0,0,-9,0,0,-9,0,0,-9,29,4,Y,62,10,Y,40,7,Y,31,5,Y,19,3,Y,5,1,N,82.8,333,4.0,16,6.7,27,0.2,1,6.2,25,90.9,90,9.1,9,0.0,0,15.0,19,0.0,0,80.3,102,3.1,4,0.8,1,24.6,47,5.8,11,62.8,120,6.8,13,0.0,0,19.0,15,8.9,7,65.8,52,6.3,5,0.0,0,27.3,15,10.9,6,56.4,31,5.5,3,0.0,0,31.6,12,0.0,0,60.5,23,5.3,2,0.0,0,54.5,6,9.1,1,45.5,5,0.0,0,0.0,0,-8.0,0,-8.0,0,-8.0,0,-8.0,0,-8,0,14.3,1,0.0,0,85.7,6,0.0,0,0.0,0,34.1,86,1.6,4,61.5,155,2.4,6,0.4,1,16.2,6,2.7,1,75.7,28,5.4,2,0.0,0,10.5,2,5.3,1,78.9,15,5.3,1,0.0,0,-8.0,0,-8.0,0,-8.0,0,-8.0,0,-8,0,10.2,19,10.2,19,69.4,129,9.7,18,0.0,0
2017,30,MT,Montana,3,Y,30,6,Y,28,1,N,2,0,-9,0,3,Y,21,14,N,4,0,-9,0,8,N,4,6,N,1,0,-9,0,3,N,4,9,Y,12,7,N,9,1,N,1,3,N,4,0,-9,0,18,60.0,7,23.3,2,6.7,3,10.0,0,0.0,0.2,4,5,N,11,16,N,8,13,N,1,2,N,4,5,N,0,0,-9,0,0,-9,1,2,N,1,2,N,0,0,-9,0,0,-9,0,0,-9,4,17,N,0,0,-9,0,0,-9,4,27,N,1,11,N,0,0,-9,19,5,Y,0,0,-9,0,0,-9,0,0,-9,0,0,-9,0,0,-9,0,0,-9,2,1,N,2,16,N,0,0,-9,0,0,-9,1,15,N,1,15,N,0,0,-9,0,0,-9,0,0,-9,0,0,-9,0,0,-9,0,0,-9,0,0,-9,0,0,-9,0,0,-9,0,0,-9,0,0,-9,0,0,-9,0,0,-9,0,0,-9,3,43,N,1,20,N,0,0,-9,0,0,-9,0,0,-9,0,0,-9,0,0,-9,1,41,N,0,0,-9,0,0,-9,0,0,-9,0,0,-9,0,0,-9,0,0,-9,-1,-1,-9,-1,-1,-9,-1,-1,-9,2,2,N,9,8,N,7,7,N,0,0,-9,3,2,N,0,0,-9,64.3,18,21.4,6,7.1,2,0.0,0,7.1,2,50.0,1,50.0,1,0.0,0,0.0,0,0.0,0,100.0,4,0.0,0,0.0,0,8.3,1,41.7,5,50.0,6,0.0,0,0.0,0,11.1,1,11.1,1,66.7,6,11.1,1,0.0,0,0.0,0,100.0,1,0.0,0,0.0,0,0.0,0,25.0,1,0.0,0,75.0,3,0.0,0,0.0,0,-8.0,0,-8.0,0,-8.0,0,-8.0,0,-8.0,0,0.0,0,25.0,1,75.0,3,0.0,0,0,0,-8.0,0,-8.0,0,-8.0,0,-8.0,0,-8.0,0,-8.0,0,-8.0,0,-8.0,0,-8.0,0,-8.0,0,0.0,0,0.0,0,100.0,4,0.0,0,0.0,0,0.0,0,0.0,0,100.0,1,0.0,0,0.0,0,-8.0,0,-8.0,0,-8.0,0,-8.0,0,-8,0,14.3,3,28.6,6,52.4,11,4.8,1,0.0,0
2017,31,NE,Nebraska,6,Y,86,9,Y,71,2,Y,15,35,Y,25,3,Y,34,11,Y,16,18,N,7,25,N,3,5,N,1,0,-9,0,6,Y,19,13,Y,34,9,Y,20,4,N,8,2,N,4,0,N,1,60,69.8,3,3.5,4,4.7,19,22.1,0,0.0,0.6,18,11,Y,33,25,Y,11,9,N,7,6,N,1,1,N,1,1,N,1,1,N,1,1,N,9,8,N,1,1,N,3,2,N,0,0,-9,2,34,N,6,32,N,19,52,Y,16,21,Y,0,0,-9,0,0,-9,28,4,Y,1,16,N,1,5,N,6,18,N,0,0,-9,1,9,N,0,0,-9,6,1,N,1,30,N,0,0,-9,2,107,N,0,0,-9,0,0,-9,0,0,-9,3,30,N,1,10,N,2,27,N,1,19,N,0,0,-9,0,0,-9,5,28,N,10,67,N,6,50,N,2,20,N,2,23,N,0,0,-9,5,11,N,9,28,N,1,4,N,1,5,N,0,0,-9,0,0,-9,0,0,-9,0,0,-9,0,0,-9,0,0,-9,1,72,N,0,0,-9,0,0,-9,0,0,-9,0,0,-9,0,0,-9,0,0,-9,-1,-1,-9,5,2,N,14,7,Y,9,5,N,4,2,N,1,1,N,1,0,N,84.5,60,2.8,2,5.6,4,0.0,0,7.0,5,93.3,14,6.7,1,0.0,0,10.5,2,0.0,0,89.5,17,0.0,0,0.0,0,5.9,2,2.9,1,82.4,28,8.8,3,0.0,0,50.0,10,5.0,1,40.0,8,5.0,1,0.0,0,25.0,2,12.5,1,62.5,5,0.0,0,0.0,0,75.0,3,0.0,0,0.0,0,0.0,0,0.0,0,0.0,0,0.0,0,100.0,1,0.0,0,0.0,0,33.3,1,0.0,0,66.7,2,0.0,0,0,0,14.3,1,0.0,0,85.7,6,0.0,0,0.0,0,32.0,8,4.0,1,60.0,15,4.0,1,0.0,0,0.0,0,6.3,1,93.8,15,0.0,0,0.0,0,100.0,1,0.0,0,0.0,0,0.0,0,0.0,0,-8.0,0,-8.0,0,-8.0,0,-8.0,0,-8,0,23.5,8,2.9,1,64.7,22,8.8,3,0.0,0
2017,32,NV,Nevada,20,Y,496,35,Y,436,5,Y,60,65,Y,140,13,Y,164,23,Y,152,10,Y,21,14,N,3,20,Y,13,19,N,3,19,Y,81,46,Y,199,25,Y,96,19,Y,75,11,Y,39,1,N,6,366,73.8,34,6.9,36,7.3,59,11.9,1,0.2,0.8,73,33,Y,180,81,Y,83,42,Y,63,32,Y,31,17,Y,6,3,N,8,4,N,19,9,Y,13,7,Y,12,6,Y,8,4,N,0,0,-9,2,19,N,18,19,Y,114,107,Y,142,43,Y,11,34,N,3,40,N,146,22,Y,1,9,N,3,3,N,26,24,Y,10,3,N,2,6,N,0,0,-9,18,3,Y,0,0,-9,2,49,N,1,30,N,0,0,-9,0,0,-9,0,0,-9,5,17,N,9,24,N,5,14,N,2,6,N,0,0,-9,0,0,-9,34,77,Y,57,126,Y,20,56,Y,17,50,Y,11,39,N,1,3,N,27,16,Y,63,45,Y,28,23,Y,27,27,Y,4,7,N,3,6,N,1,5,N,8,52,N,1,10,N,3,41,N,0,0,-9,0,0,-9,0,0,-9,1,30,N,2,67,N,0,0,-9,0,0,-9,0,0,-9,14,9,Y,59,31,Y,39,22,Y,26,13,Y,24,10,Y,2,1,N,83.9,366,4.6,20,8.3,36,0.0,0,3.0,13,76.7,46,21.7,13,1.7,1,8.6,7,3.7,3,84.0,68,3.7,3,0.0,0,7.5,15,8.5,17,77.4,154,6.0,12,0.0,0,13.5,13,6.3,6,66.7,64,13.5,13,0.0,0,18.7,14,6.7,5,65.3,49,9.3,7,0.0,0,17.9,7,10.3,4,69.2,27,5.1,2,0.0,0,16.7,1,0.0,0,66.7,4,0.0,0,0.0,0,33.3,1,0.0,0,66.7,2,0.0,0,0,0,9.5,2,4.8,1,81.0,17,4.8,1,0.0,0,20.7,29,2.1,3,69.3,97,7.1,10,0.7,1,8.6,13,4.6,7,81.6,124,5.3,8,0.0,0,15.4,2,0.0,0,84.6,11,0.0,0,0.0,0,0.0,0,0.0,0,100.0,3,0.0,0,0,0,7.9,13,13.4,22,68.3,112,10.4,17,0.0,0
2017,33,NH,New Hampshire,3,Y,32,4,Y,24,1,N,8,20,N,3,2,Y,21,13,N,5,0,-9,0,0,-9,0,21,N,3,0,-9,0,3,N,7,4,N,7,5,N,7,4,N,7,1,N,3,0,N,1,18,56.3,6,18.8,3,9.4,5,15.6,0,0.0,0.2,-2,-2,-9,-2,-2,-9,-2,-2,-9,-2,-2,-9,-2,-2,-9,-2,-2,-9,-2,-2,-9,-2,-2,-9,-2,-2,-9,-2,-2,-9,-2,-2,-9,-2,-2,-9,-2,-2,-9,-2,-2,-9,-2,-2,-9,-2,-2,-9,-2,-2,-9,-2,-2,-9,-2,-2,-9,-2,-2,-9,-2,-2,-9,-2,-2,-9,-2,-2,-9,-2,-2,-9,-2,-2,-9,-2,-2,-9,-2,-2,-9,-2,-2,-9,-2,-2,-9,-2,-2,-9,-2,-2,-9,-2,-2,-9,-2,-2,-9,-2,-2,-9,-2,-2,-9,-2,-2,-9,-2,-2,-9,-2,-2,-9,-2,-2,-9,-2,-2,-9,-2,-2,-9,-2,-2,-9,-2,-2,-9,-2,-2,-9,-2,-2,-9,-2,-2,-9,-2,-2,-9,-2,-2,-9,-2,-2,-9,-2,-2,-9,-2,-2,-9,-2,-2,-9,-2,-2,-9,-2,-2,-9,-2,-2,-9,-2,-2,-9,-2,-2,-9,-2,-2,-9,-2,-2,-9,-2,-2,-9,-2,-2,-9,-2,-2,-9,-2,-2,-9,-2,-2,-9,-2,-2,-9,-2,-2,-9,-2,-2,-9,-2,-2,-9,-2.0,-2,-2.0,-2,-2.0,-2,-2.0,-2,-2.0,-2,-2.0,-2,-2.0,-2,-2.0,-2,-2.0,-2,-2.0,-2,-2.0,-2,-2.0,-2,-2.0,-2,-2.0,-2,-2.0,-2,-2.0,-2,-2.0,-2,-2.0,-2,-2.0,-2,-2.0,-2,-2.0,-2,-2.0,-2,-2.0,-2,-2.0,-2,-2.0,-2,-2.0,-2,-2.0,-2,-2.0,-2,-2.0,-2,-2.0,-2,-2.0,-2,-2.0,-2,-2.0,-2,-2.0,-2,-2.0,-2,-2.0,-2,-2.0,-2,-2.0,-2,-2.0,-2,-2.0,-2,-2.0,-2,-2.0,-2,-2,-2,-2.0,-2,-2.0,-2,-2.0,-2,-2.0,-2,-2.0,-2,-2.0,-2,-2.0,-2,-2.0,-2,-2.0,-2,-2.0,-2,-2.0,-2,-2.0,-2,-2.0,-2,-2.0,-2,-2.0,-2,-2.0,-2,-2.0,-2,-2.0,-2,-2.0,-2,-2.0,-2,-2.0,-2,-2.0,-2,-2.0,-2,-2.0,-2,-2,-2,-2.0,-2,-2.0,-2,-2.0,-2,-2.0,-2,-2.0,-2
2017,34,NJ,New Jersey,14,Y,1083,23,Y,822,7,Y,261,47,Y,448,3,Y,139,30,Y,424,3,Y,19,0,-9,0,60,Y,53,0,-9,0,15,Y,200,31,Y,349,18,Y,204,14,Y,179,10,Y,116,3,Y,35,598,55.2,106,9.8,23,2.1,353,32.6,3,0.3,0.7,172,25,Y,287,49,Y,144,26,Y,121,20,Y,74,13,Y,24,4,Y,28,4,Y,62,11,Y,60,11,Y,58,9,Y,42,7,Y,11,1,N,0,0,-9,16,5,Y,284,64,Y,367,52,Y,42,99,Y,0,0,-9,113,5,Y,0,0,-9,3,1,N,164,32,Y,57,8,Y,11,24,N,0,0,-9,26,1,Y,0,0,-9,0,0,-9,0,0,-9,0,0,-9,0,0,-9,0,0,-9,3,3,N,8,6,N,4,3,N,2,2,N,2,2,N,0,0,-9,71,36,Y,120,72,Y,90,60,Y,85,51,Y,63,45,Y,19,14,Y,98,31,Y,167,60,Y,73,27,Y,55,24,Y,24,15,Y,7,5,N,9,28,N,18,115,Y,8,64,N,8,72,N,8,89,N,2,25,N,0,0,-9,0,0,-9,0,0,-9,0,0,-9,0,0,-9,0,0,-9,19,3,Y,36,7,Y,29,5,Y,29,4,Y,19,2,Y,7,1,N,72.7,598,7.3,60,2.8,23,0.1,1,17.0,140,81.6,213,17.6,46,0.8,2,16.0,32,4.5,9,78.0,156,0.5,1,0.5,1,23.5,82,7.7,27,65.6,229,3.2,11,0.3,1,37.3,76,12.3,25,49.0,100,1.5,3,0.0,0,41.9,75,15.1,27,40.2,72,2.8,5,0.0,0,58.6,68,10.3,12,30.2,35,0.9,1,0.0,0,60.0,21,17.1,6,17.1,6,2.9,1,0.0,0,-8.0,0,-8.0,0,-8.0,0,-8.0,0,-8,0,26.3,5,0.0,0,73.7,14,0.0,0,0.0,0,48.7,218,10.5,47,39.1,175,1.3,6,0.2,1,21.0,89,6.8,29,70.5,299,1.4,6,0.2,1,26.4,14,9.4,5,62.3,33,3.8,2,0.0,0,-8.0,0,-8.0,0,-8.0,0,-8.0,0,-8,0,20.1,28,18.0,25,56.1,78,6.5,9,0.0,0
2017,35,NM,New Mexico,8,Y,145,15,Y,126,2,Y,19,25,N,8,5,Y,35,9,Y,76,0,-9,0,16,Y,24,9,N,2,0,-9,0,12,Y,39,15,Y,43,13,Y,32,7,Y,18,4,N,10,1,N,3,102,70.3,17,11.7,12,8.3,15,10.3,0,0.0,0.4,34,20,Y,39,27,Y,26,21,Y,16,13,Y,8,6,N,3,2,N,5,3,N,4,3,N,6,5,N,2,2,N,2,1,N,0,0,-9,18,26,Y,0,0,-9,7,37,N,67,17,Y,2,18,N,0,0,-9,32,9,Y,6,8,N,0,0,-9,1,7,N,9,2,N,0,0,-9,0,0,-9,3,1,N,6,18,N,12,39,Y,4,17,N,1,5,N,1,5,N,0,0,-9,0,0,-9,0,0,-9,0,0,-9,0,0,-9,0,0,-9,0,0,-9,2,30,N,3,48,N,0,0,-9,2,43,N,1,20,N,0,0,-9,24,12,Y,21,14,Y,20,16,Y,6,5,N,4,4,N,1,1,N,1,14,N,0,0,-9,1,33,N,0,0,-9,0,0,-9,0,0,-9,0,0,-9,0,0,-9,0,0,-9,0,0,-9,0,0,-9,0,0,-9,6,7,N,7,8,N,7,9,N,9,9,N,4,3,N,2,1,N,81.0,102,7.1,9,9.5,12,0.0,0,3.2,4,57.9,11,42.1,8,0.0,0,7.7,3,12.8,5,66.7,26,12.8,5,0.0,0,7.0,3,9.3,4,83.7,36,2.3,1,0.0,0,15.6,5,15.6,5,62.5,20,6.3,2,0.0,0,11.1,2,11.1,2,55.6,10,16.7,3,0.0,0,20.0,2,10.0,1,70.0,7,0.0,0,0.0,0,0.0,0,0.0,0,100.0,3,0.0,0,0.0,0,16.7,4,20.8,5,54.2,13,12.5,3,0,0,-8.0,0,-8.0,0,-8.0,0,-8.0,0,-8.0,0,12.5,1,12.5,1,62.5,5,12.5,1,0.0,0,10.5,8,10.5,8,72.4,55,7.9,6,0.0,0,0.0,0,0.0,0,100.0,2,0.0,0,0.0,0,-8.0,0,-8.0,0,-8.0,0,-8.0,0,-8,0,5.7,2,11.4,4,77.1,27,5.7,2,0.0,0
2017,36,NY,New York,17,Y,2753,27,Y,2191,7,Y,562,43,Y,1032,5,Y,435,34,Y,1001,7,Y,94,2,N,1,84,Y,190,0,-9,0,18,Y,530,34,Y,972,22,Y,531,16,Y,421,9,Y,224,2,Y,75,1814,65.9,168,6.1,84,3.1,681,24.7,6,0.2,0.7,471,31,Y,838,58,Y,418,35,Y,281,22,Y,136,11,Y,47,4,Y,59,4,Y,134,9,Y,113,9,Y,140,10,Y,88,7,Y,28,2,Y,1,4,N,88,13,Y,717,65,Y,850,59,Y,151,141,Y,0,0,-9,384,8,Y,0,0,-9,6,1,N,315,24,Y,151,10,Y,39,33,Y,0,0,-9,51,1,Y,0,0,-9,0,0,-9,0,0,-9,1,12,N,0,0,-9,0,0,-9,19,8,Y,29,10,Y,21,8,Y,16,7,Y,8,4,N,1,1,N,213,45,Y,322,72,Y,184,52,Y,168,43,Y,104,29,Y,41,11,Y,194,30,Y,406,66,Y,195,37,Y,125,27,Y,66,19,Y,15,4,Y,46,61,Y,65,133,Y,39,119,Y,22,80,Y,15,67,Y,3,15,N,0,0,-9,0,0,-9,0,0,-9,0,0,-9,0,0,-9,0,0,-9,58,4,Y,150,10,Y,92,7,Y,89,6,Y,31,2,Y,15,1,Y,82.8,1814,4.1,90,3.8,84,0.1,3,9.1,200,85.6,481,13.9,78,0.5,3,12.6,67,1.7,9,80.2,425,4.7,25,0.6,3,16.7,162,3.3,32,76.9,747,3.1,30,0.1,1,25.6,136,6.6,35,65.3,347,2.6,14,0.0,0,37.5,158,11.4,48,48.5,204,2.6,11,0.0,0,54.5,122,12.5,28,32.1,72,0.9,2,0.0,0,49.3,37,20.0,15,26.7,20,4.0,3,0.0,0,0.0,0,0.0,0,100.0,1,0.0,0,0,0,11.7,11,4.3,4,85.1,80,0.0,0,0.0,0,36.5,377,8.5,88,52.4,541,2.1,22,0.4,4,19.4,194,4.1,41,73.6,737,2.8,28,0.1,1,23.2,44,8.4,16,64.7,123,3.7,7,0.5,1,-8.0,0,-8.0,0,-8.0,0,-8.0,0,-8,0,12.6,55,4.6,20,76.3,332,6.4,28,0.0,0
2017,37,NC,North Carolina,15,Y,1292,25,Y,1040,6,Y,252,44,Y,807,5,Y,276,19,Y,131,4,N,11,5,N,5,51,Y,62,0,-9,0,20,Y,328,33,Y,445,16,Y,207,12,Y,168,9,Y,116,2,Y,28,874,67.6,62,4.8,39,3.0,315,24.4,2,0.2,0.7,296,35,Y,385,57,Y,154,25,Y,114,17,Y,72,12,Y,19,3,Y,32,4,Y,60,9,Y,53,8,Y,54,8,Y,44,6,Y,9,1,N,4,9,N,9,8,N,632,75,Y,114,32,Y,54,95,Y,0,0,-9,227,8,Y,1,2,N,2,2,N,175,18,Y,17,5,Y,8,13,N,0,0,-9,49,2,Y,0,0,-9,1,6,N,3,20,N,1,7,N,0,0,-9,0,0,-9,1,2,N,3,5,N,7,13,N,0,0,-9,0,0,-9,0,0,-9,244,62,Y,284,90,Y,103,37,Y,90,31,Y,67,25,Y,19,7,Y,34,17,Y,38,27,Y,34,23,Y,18,18,Y,6,12,N,1,3,N,13,26,Y,28,120,Y,7,43,N,9,72,N,5,51,N,0,0,-9,0,0,-9,0,0,-9,0,0,-9,0,0,-9,0,0,-9,0,0,-9,36,4,Y,91,11,Y,53,7,Y,50,5,Y,38,4,Y,8,1,N,84.0,874,3.2,33,3.8,39,0.1,1,8.9,93,88.1,222,11.9,30,0.4,1,11.9,39,1.2,4,85.4,280,1.5,5,0.0,0,16.4,73,3.8,17,76.0,338,3.8,17,0.0,0,30.4,63,6.3,13,58.5,121,4.3,9,0.0,0,41.7,70,6.5,11,48.8,82,3.0,5,0.0,0,45.7,53,12.9,15,39.7,46,1.7,2,0.0,0,57.1,16,10.7,3,25.0,7,7.1,2,3.6,1,40.0,2,0.0,0,60.0,3,0.0,0,0,0,27.3,3,0.0,0,72.7,8,0.0,0,0.0,0,28.4,229,4.0,32,65.2,526,2.4,19,0.1,1,17.6,23,3.1,4,77.9,102,1.5,2,0.0,0,19.4,12,0.0,0,79.0,49,0.0,0,0.0,0,-8.0,0,-8.0,0,-8.0,0,-8.0,0,-8,0,16.7,46,9.4,26,67.4,186,6.5,18,0.4,1
2017,38,ND,North Dakota,6,Y,39,10,Y,32,2,N,7,76,Y,13,3,Y,15,21,N,4,10,N,1,11,N,3,34,N,3,0,-9,0,5,N,7,16,Y,18,5,N,4,7,N,6,4,N,4,0,-9,0,25,64.1,1,2.6,1,2.6,12,30.8,0,0.0,0.6,6,9,N,16,26,Y,3,6,N,4,10,N,3,6,N,0,0,-9,1,2,N,2,4,N,1,2,N,2,5,N,1,2,N,0,0,-9,2,15,N,1,19,N,7,68,N,4,37,N,3,67,N,0,0,-9,15,6,Y,1,7,N,0,0,-9,6,88,N,0,0,-9,0,0,-9,0,0,-9,0,0,-9,0,0,-9,1,17,N,0,0,-9,2,50,N,0,0,-9,0,0,-9,1,35,N,0,0,-9,0,0,-9,0,0,-9,0,0,-9,0,0,-9,1,22,N,5,83,N,2,64,N,3,169,N,2,183,N,0,0,-9,0,0,-9,4,70,N,0,0,-9,0,0,-9,0,0,-9,0,0,-9,1,26,N,2,95,N,0,0,-9,0,0,-9,0,0,-9,0,0,-9,-1,-1,-9,0,0,-9,-1,-1,-9,-1,-1,-9,-1,-1,-9,-1,-1,-9,4,4,N,6,7,N,2,3,N,1,1,N,2,2,N,0,0,-9,78.1,25,3.1,1,3.1,1,0.0,0,15.6,5,100.0,7,0.0,0,0.0,0,14.3,1,0.0,0,85.7,6,0.0,0,0.0,0,22.2,4,0.0,0,72.2,13,5.6,1,0.0,0,25.0,1,0.0,0,75.0,3,0.0,0,0.0,0,66.7,4,16.7,1,16.7,1,0.0,0,0.0,0,50.0,2,0.0,0,50.0,2,0.0,0,0.0,0,-8.0,0,-8.0,0,-8.0,0,-8.0,0,-8.0,0,33.3,1,33.3,1,0.0,0,33.3,1,0,0,0.0,0,0.0,0,100.0,1,0.0,0,0.0,0,84.6,11,0.0,0,15.4,2,0.0,0,0.0,0,0.0,0,0.0,0,100.0,4,0.0,0,0.0,0,0.0,0,0.0,0,100.0,3,0.0,0,0.0,0,-8.0,0,-8.0,0,-8.0,0,-8.0,0,-8,0,0.0,0,0.0,0,100.0,15,0.0,0,0.0,0
2017,39,OH,Ohio,10,Y,982,17,Y,805,4,Y,177,35,Y,416,5,Y,412,22,Y,72,5,Y,12,5,N,1,47,Y,69,0,-9,0,13,Y,241,24,Y,361,12,Y,163,9,Y,136,4,Y,65,1,Y,16,664,67.6,109,11.1,47,4.8,160,16.3,2,0.2,0.4,207,22,Y,306,40,Y,127,19,Y,108,14,Y,45,6,Y,12,1,Y,34,4,Y,55,7,Y,36,5,Y,28,4,Y,20,2,Y,4,0,N,1,10,N,6,6,N,336,60,Y,66,40,Y,59,82,Y,0,0,-9,337,9,Y,0,0,-9,6,5,N,80,13,Y,6,4,N,10,13,N,0,0,-9,75,2,Y,1,32,N,0,0,-9,0,0,-9,0,0,-9,0,0,-9,0,0,-9,5,11,N,1,2,N,3,7,N,3,9,N,0,0,-9,0,0,-9,121,46,Y,166,76,Y,59,34,Y,40,23,Y,24,14,Y,6,4,N,16,17,Y,29,40,Y,13,21,Y,12,28,Y,2,7,N,0,0,-9,24,37,Y,21,72,Y,11,59,N,9,65,N,3,26,N,1,10,N,0,0,-9,0,0,-9,0,0,-9,0,0,-9,0,0,-9,0,0,-9,74,6,Y,144,13,Y,77,7,Y,72,6,Y,36,3,Y,9,1,N,82.5,664,7.0,56,5.8,47,0.1,1,4.6,37,69.5,123,29.9,53,0.6,1,12.4,30,4.1,10,78.8,190,4.1,10,0.4,1,11.4,41,13.6,49,69.5,251,5.5,20,0.0,0,20.9,34,16.6,27,57.1,93,5.5,9,0.0,0,21.3,29,8.8,12,65.4,89,4.4,6,0.0,0,32.3,21,15.4,10,49.2,32,3.1,2,0.0,0,31.3,5,12.5,2,56.3,9,0.0,0,0.0,0,0.0,0,0.0,0,100.0,1,0.0,0,0,0,50.0,6,0.0,0,50.0,6,0.0,0,0.0,0,22.6,94,6.0,25,67.8,282,3.1,13,0.2,1,8.3,6,6.9,5,79.2,57,5.6,4,0.0,0,14.5,10,11.6,8,66.7,46,5.8,4,0.0,0,-8.0,0,-8.0,0,-8.0,0,-8.0,0,-8,0,10.7,44,17.2,71,65.8,271,6.3,26,0.2,1
2017,40,OK,Oklahoma,9,Y,302,16,Y,252,3,Y,50,33,Y,78,6,Y,121,20,Y,58,3,N,2,10,Y,27,11,Y,16,0,-9,0,9,Y,56,20,Y,109,12,Y,58,10,Y,49,5,Y,22,1,N,8,194,64.2,27,8.9,31,10.3,50,16.6,0,0.0,0.4,49,15,Y,94,34,Y,46,19,Y,41,18,Y,16,7,Y,6,2,N,7,2,N,15,6,Y,12,5,Y,8,3,N,6,2,N,2,1,N,22,17,Y,1,3,N,54,46,Y,50,32,Y,16,23,Y,0,0,-9,109,10,Y,5,4,N,1,3,N,24,20,Y,8,6,N,0,0,-9,0,0,-9,12,1,Y,0,0,-9,10,21,N,5,12,N,9,24,N,1,3,N,2,6,N,0,0,-9,1,6,N,0,0,-9,1,9,N,0,0,-9,0,0,-9,23,41,Y,32,69,Y,11,30,N,7,21,N,3,9,N,2,7,N,8,9,N,24,36,Y,12,22,Y,10,26,N,4,17,N,0,0,-9,7,14,N,3,10,N,2,9,N,3,17,N,1,6,N,0,0,-9,0,0,-9,0,0,-9,0,0,-9,0,0,-9,0,0,-9,0,0,-9,18,5,Y,39,12,Y,28,9,Y,19,6,Y,13,4,Y,4,1,N,77.0,194,6.3,16,12.3,31,0.0,0,4.4,11,78.0,39,22.0,11,0.0,0,10.7,6,5.4,3,80.4,45,5.4,3,0.0,0,13.8,15,9.2,10,67.0,73,10.1,11,0.0,0,22.4,13,10.3,6,53.4,31,13.8,8,0.0,0,18.4,9,6.1,3,67.3,33,8.2,4,0.0,0,27.3,6,18.2,4,40.9,9,13.6,3,0.0,0,25.0,2,25.0,2,37.5,3,12.5,1,0.0,0,7.4,2,22.2,6,44.4,12,29.6,8,0,0,50.0,1,0.0,0,50.0,1,0.0,0,0.0,0,34.6,27,3.8,3,59.0,46,2.6,2,0.0,0,17.2,10,3.4,2,79.3,46,0.0,0,0.0,0,0.0,0,0.0,0,75.0,12,25.0,4,0.0,0,-8.0,0,-8.0,0,-8.0,0,-8.0,0,-8,0,9.1,11,13.2,16,64.5,78,13.2,16,0.0,0
2017,41,OR,Oregon,6,Y,203,10,Y,166,2,Y,37,27,Y,17,4,Y,122,11,Y,45,6,N,9,8,N,3,5,N,5,15,N,2,6,Y,34,13,Y,75,8,Y,46,6,Y,30,3,Y,15,0,N,3,122,60.1,32,15.8,18,8.9,31,15.3,0,0.0,0.2,28,9,Y,68,23,Y,37,13,Y,23,9,Y,8,3,N,2,1,N,6,2,N,7,2,N,9,3,N,7,3,N,7,3,N,1,0,N,1,5,N,8,11,N,11,32,N,41,20,Y,3,7,N,1,15,N,101,8,Y,2,10,N,1,1,N,6,21,N,4,2,N,2,4,N,1,15,N,21,2,Y,0,0,-9,0,0,-9,2,33,N,1,17,N,0,0,-9,0,0,-9,2,6,N,3,9,N,3,10,N,0,0,-9,1,5,N,0,0,-9,3,22,N,8,58,N,3,27,N,1,11,N,1,12,N,1,14,N,8,7,N,15,17,Y,15,19,Y,5,9,N,2,6,N,0,0,-9,1,3,N,2,10,N,1,7,N,1,10,N,0,0,-9,0,0,-9,0,0,-9,1,30,N,1,38,N,0,0,-9,0,0,-9,0,0,-9,20,5,Y,46,11,Y,21,5,Y,22,5,Y,11,2,N,2,0,N,73.5,122,11.4,19,10.8,18,0.0,0,3.6,6,67.6,25,32.4,12,0.0,0,8.8,3,14.7,5,50.0,17,26.5,9,0.0,0,8.0,6,10.7,8,74.7,56,6.7,5,0.0,0,17.4,8,21.7,10,54.3,25,6.5,3,0.0,0,20.0,6,20.0,6,56.7,17,3.3,1,0.0,0,46.7,7,13.3,2,40.0,6,0.0,0,0.0,0,33.3,1,33.3,1,33.3,1,0.0,0,0.0,0,66.7,2,0.0,0,33.3,1,0.0,0,0,0,11.1,1,0.0,0,77.8,7,11.1,1,0.0,0,29.4,5,23.5,4,47.1,8,0.0,0,0.0,0,11.1,5,4.4,2,82.2,37,2.2,1,0.0,0,20.0,1,20.0,1,40.0,2,20.0,1,0.0,0,50.0,1,0.0,0,50.0,1,0.0,0,0,0,13.1,16,20.5,25,54.1,66,12.3,15,0.0,0
2017,42,PA,Pennsylvania,10,Y,1110,17,Y,876,4,Y,234,48,Y,544,4,Y,299,30,Y,211,3,N,11,6,N,1,33,Y,43,32,N,1,13,Y,257,21,Y,355,15,Y,219,10,Y,161,5,Y,84,2,Y,34,625,56.3,112,10.1,29,2.6,342,30.8,2,0.2,0.5,231,23,Y,295,34,Y,161,22,Y,110,13,Y,56,6,Y,23,2,Y,26,3,Y,60,7,Y,58,8,Y,51,6,Y,28,3,Y,11,1,N,1,13,N,10,6,N,416,77,Y,159,45,Y,35,57,Y,1,69,N,254,6,Y,0,0,-9,1,1,N,128,22,Y,52,15,Y,8,12,N,0,0,-9,45,1,Y,0,0,-9,0,0,-9,0,0,-9,0,0,-9,0,0,-9,1,35,N,1,1,N,6,7,N,2,3,N,1,2,N,1,2,N,0,0,-9,159,62,Y,166,77,Y,99,60,Y,66,38,Y,37,23,Y,17,11,Y,46,23,Y,76,49,Y,47,36,Y,28,28,Y,9,14,N,5,10,N,10,19,N,16,60,Y,11,65,N,2,15,N,3,29,N,1,11,N,0,0,-9,0,0,-9,0,0,-9,0,0,-9,0,0,-9,1,350,N,41,3,Y,91,8,Y,60,6,Y,64,5,Y,34,2,Y,9,0,N,71.3,625,7.8,68,3.3,29,0.1,1,17.5,153,80.3,188,18.8,44,0.9,2,12.8,33,3.5,9,80.5,207,2.7,7,0.4,1,24.2,86,7.3,26,65.1,231,3.4,12,0.3,1,37.0,81,16.0,35,44.3,97,3.2,7,0.0,0,45.3,73,15.5,25,37.3,60,1.2,2,0.0,0,57.1,48,14.3,12,28.6,24,0.0,0,0.0,0,61.8,21,17.6,6,17.6,6,2.9,1,0.0,0,0.0,0,100.0,1,0.0,0,0.0,0,0,0,27.3,3,0.0,0,72.7,8,0.0,0,0.0,0,35.7,194,7.4,40,55.7,303,0.9,5,0.4,2,31.8,67,12.8,27,54.0,114,1.4,3,0.0,0,27.9,12,14.0,6,51.2,22,7.0,3,0.0,0,100.0,1,0.0,0,0.0,0,0.0,0,0,0,21.7,65,12.7,38,59.5,178,5.7,17,0.0,0
2017,44,RI,Rhode Island,9,Y,83,15,Y,67,3,Y,16,31,Y,16,5,Y,36,21,Y,26,6,N,2,0,-9,0,20,N,3,0,-9,0,6,N,11,17,Y,24,15,Y,18,13,Y,18,7,N,11,1,N,1,56,67.5,6,7.2,5,6.0,16,19.3,0,0.0,0.3,11,13,N,20,27,Y,13,21,Y,14,20,Y,9,13,N,0,0,-9,0,0,-9,4,6,N,5,8,N,4,5,N,2,3,N,1,1,N,0,0,-9,2,14,N,9,35,N,20,32,Y,3,43,N,0,0,-9,33,10,Y,0,0,-9,0,0,-9,7,27,N,6,10,N,0,0,-9,0,0,-9,3,1,N,0,0,-9,0,0,-9,0,0,-9,0,0,-9,0,0,-9,0,0,-9,0,0,-9,0,0,-9,1,18,N,0,0,-9,1,32,N,0,0,-9,1,8,N,5,48,N,3,36,N,4,51,N,2,29,N,1,18,N,5,14,N,6,22,N,7,31,N,6,33,N,2,17,N,0,0,-9,1,17,N,2,66,N,0,0,-9,0,0,-9,0,0,-9,0,0,-9,0,0,-9,0,0,-9,-1,-1,-9,-1,-1,-9,-1,-1,-9,-1,-1,-9,4,4,N,11,12,N,7,8,N,8,7,N,6,5,N,0,0,-9,83.6,56,3.0,2,7.5,5,0.0,0,6.0,4,75.0,12,25.0,4,0.0,0,0.0,0,0.0,0,90.9,10,9.1,1,0.0,0,8.3,2,8.3,2,75.0,18,8.3,2,0.0,0,38.9,7,11.1,2,50.0,9,5.6,1,0.0,0,22.2,4,16.7,3,61.1,11,5.6,1,0.0,0,27.3,3,0.0,0,72.7,8,0.0,0,0.0,0,100.0,1,0.0,0,0.0,0,0.0,0,0.0,0,-8.0,0,-8.0,0,-8.0,0,-8.0,0,-8,0,0.0,0,0.0,0,100.0,2,0.0,0,0.0,0,43.8,7,12.5,2,43.8,7,0.0,0,0.0,0,19.2,5,7.7,2,65.4,17,7.7,2,0.0,0,0.0,0,0.0,0,100.0,3,0.0,0,0.0,0,-8.0,0,-8.0,0,-8.0,0,-8.0,0,-8,0,11.1,4,5.6,2,75.0,27,8.3,3,0.0,0
2017,45,SC,South Carolina,17,Y,698,27,Y,540,7,Y,158,37,Y,407,5,Y,150,34,Y,71,10,N,7,0,-9,0,125,Y,63,0,-9,0,21,Y,166,34,Y,229,21,Y,126,16,Y,102,9,Y,62,2,Y,13,452,64.8,37,5.3,16,2.3,193,27.7,1,0.1,1.2,149,37,Y,192,59,Y,84,29,Y,63,20,Y,44,14,Y,8,2,N,17,5,Y,37,11,Y,42,14,Y,39,12,Y,18,5,Y,5,1,N,0,0,-9,5,15,N,315,62,Y,61,55,Y,43,179,Y,0,0,-9,116,9,Y,0,0,-9,2,5,N,92,15,Y,10,11,N,20,75,Y,0,0,-9,34,2,Y,0,0,-9,0,0,-9,0,0,-9,0,0,-9,0,0,-9,0,0,-9,2,14,N,2,15,N,2,14,N,1,9,N,0,0,-9,0,0,-9,116,49,Y,138,71,Y,59,36,Y,54,32,Y,33,19,Y,7,4,N,13,23,Y,25,55,Y,15,34,Y,14,47,Y,3,18,N,1,8,N,14,67,Y,19,197,Y,14,226,Y,9,178,N,7,158,N,0,0,-9,0,0,-9,0,0,-9,0,0,-9,0,0,-9,0,0,-9,0,0,-9,21,5,Y,45,11,Y,36,10,Y,24,6,Y,19,4,Y,5,1,N,83.7,452,4.1,22,3.0,16,0.0,0,9.4,51,90.5,143,9.5,15,0.0,0,11.4,19,1.8,3,86.1,143,1.2,2,0.0,0,19.7,45,3.9,9,74.7,171,1.7,4,0.0,0,39.7,50,8.7,11,46.0,58,5.6,7,0.0,0,43.1,44,6.9,7,48.0,49,2.0,2,0.0,0,45.2,28,9.7,6,41.9,26,3.2,2,0.0,0,53.8,7,7.7,1,38.5,5,0.0,0,0.0,0,-8.0,0,-8.0,0,-8.0,0,-8.0,0,-8,0,28.6,2,0.0,0,71.4,5,0.0,0,0.0,0,30.0,122,4.4,18,64.4,262,1.2,5,0.0,0,21.1,15,7.0,5,70.4,50,2.8,2,0.0,0,33.3,21,4.8,3,58.7,37,4.8,3,0.0,0,-8.0,0,-8.0,0,-8.0,0,-8.0,0,-8,0,22.0,33,8.0,12,65.3,98,4.7,7,0.0,0
2017,46,SD,South Dakota,6,Y,40,9,Y,31,3,N,9,52,N,7,3,Y,15,35,N,8,9,N,1,13,N,7,18,N,2,0,-9,0,4,N,6,13,Y,15,9,N,9,10,N,10,0,-9,0,0,-9,0,21,52.5,5,12.5,6,15.0,8,20.0,0,0.0,0.5,5,7,N,11,18,N,6,12,N,9,18,N,0,0,-9,0,0,-9,1,2,N,4,7,N,3,6,N,1,2,N,0,0,-9,0,0,-9,5,20,N,1,19,N,3,36,N,7,54,N,1,19,N,0,0,-9,14,5,Y,2,7,N,0,0,-9,4,77,N,1,10,N,1,18,N,0,0,-9,1,0,N,0,0,-9,3,27,N,2,25,N,2,28,N,0,0,-9,0,0,-9,1,31,N,0,0,-9,0,0,-9,0,0,-9,0,0,-9,0,0,-9,0,0,-9,2,46,N,3,115,N,2,124,N,0,0,-9,0,0,-9,3,42,N,4,69,N,1,22,N,0,0,-9,0,0,-9,0,0,-9,1,22,N,1,44,N,0,0,-9,0,0,-9,0,0,-9,0,0,-9,-1,-1,-9,0,0,-9,-1,-1,-9,-1,-1,-9,-1,-1,-9,-1,-1,-9,1,1,N,5,6,N,3,4,N,6,7,N,0,0,-9,0,0,-9,67.7,21,9.7,3,19.4,6,0.0,0,0.0,0,88.9,8,22.2,2,0.0,0,16.7,1,0.0,0,83.3,5,0.0,0,0.0,0,20.0,3,13.3,2,33.3,5,33.3,5,0.0,0,33.3,3,0.0,0,55.6,5,11.1,1,0.0,0,10.0,1,20.0,2,60.0,6,0.0,0,0.0,0,-8.0,0,-8.0,0,-8.0,0,-8.0,0,-8.0,0,-8.0,0,-8.0,0,-8.0,0,-8.0,0,-8.0,0,14.3,1,28.6,2,42.9,3,14.3,1,0,0,0.0,0,0.0,0,100.0,1,0.0,0,0.0,0,57.1,4,14.3,1,28.6,2,14.3,1,0.0,0,12.5,1,0.0,0,62.5,5,25.0,2,0.0,0,50.0,1,0.0,0,50.0,1,0.0,0,0.0,0,-8.0,0,-8.0,0,-8.0,0,-8.0,0,-8,0,6.7,1,13.3,2,66.7,10,13.3,2,0.0,0
2017,47,TN,Tennessee,13,Y,721,22,Y,594,4,Y,127,43,Y,396,6,Y,243,17,Y,44,3,N,3,0,-9,0,49,Y,35,0,-9,0,19,Y,193,26,Y,242,15,Y,121,10,Y,91,6,Y,54,2,Y,20,497,68.9,38,5.3,25,3.5,160,22.2,2,0.3,0.6,176,33,Y,208,46,Y,94,23,Y,69,16,Y,30,7,Y,17,4,Y,17,3,Y,34,7,Y,27,6,Y,22,5,Y,24,5,Y,3,1,N,0,0,-9,3,6,N,324,76,Y,32,24,Y,29,85,Y,0,0,-9,206,10,Y,0,0,-9,0,0,-9,72,15,Y,12,10,Y,6,16,N,0,0,-9,37,2,Y,0,0,-9,0,0,-9,0,0,-9,0,0,-9,0,0,-9,0,0,-9,2,10,N,1,5,N,0,0,-9,0,0,-9,0,0,-9,0,0,-9,133,64,Y,140,80,Y,49,34,Y,39,28,Y,25,19,Y,10,9,N,7,10,N,19,32,Y,12,22,Y,4,12,N,1,5,N,1,8,N,10,37,N,15,111,Y,5,56,N,3,41,N,2,29,N,0,0,-9,0,0,-9,0,0,-9,0,0,-9,0,0,-9,0,0,-9,0,0,-9,41,6,Y,67,10,Y,55,9,Y,45,7,Y,26,4,Y,9,1,N,83.7,497,3.4,20,4.2,25,0.3,2,8.8,52,85.8,109,15.0,19,0.0,0,10.9,21,2.6,5,83.4,161,3.1,6,0.5,1,16.5,40,2.5,6,76.4,185,4.5,11,0.0,0,29.8,36,9.1,11,57.0,69,4.1,5,0.0,0,34.1,31,9.9,9,52.7,48,3.3,3,0.0,0,46.3,25,13.0,7,40.7,22,0.0,0,0.0,0,40.0,8,5.0,1,60.0,12,0.0,0,0.0,0,-8.0,0,-8.0,0,-8.0,0,-8.0,0,-8,0,0.0,0,0.0,0,100.0,3,0.0,0,0.0,0,25.8,102,2.5,10,69.9,277,1.8,7,0.0,0,29.5,13,2.3,1,65.9,29,2.3,1,0.0,0,22.9,8,0.0,0,65.7,23,8.6,3,2.9,1,-8.0,0,-8.0,0,-8.0,0,-8.0,0,-8,0,15.2,37,11.1,27,68.3,166,5.3,13,0.0,0
2017,48,TX,Texas,19,Y,4361,32,Y,3610,7,Y,751,52,Y,1440,7,Y,723,23,Y,1926,5,Y,56,3,N,2,81,Y,214,0,-9,0,21,Y,996,39,Y,1633,22,Y,836,16,Y,564,9,Y,274,2,Y,58,3060,70.2,216,5.0,209,4.8,869,19.9,7,0.2,0.6,876,35,Y,1403,66,Y,665,35,Y,422,24,Y,207,14,Y,37,2,Y,120,5,Y,230,11,Y,171,9,Y,142,8,Y,67,4,Y,21,1,Y,1,3,N,46,8,Y,1068,81,Y,1702,40,Y,172,135,Y,0,0,-9,621,12,Y,1,3,N,10,2,N,372,26,Y,224,5,Y,42,31,Y,0,0,-9,102,2,Y,0,0,-9,2,15,N,0,0,-9,0,0,-9,0,0,-9,0,0,-9,10,5,N,18,7,Y,13,5,Y,10,5,N,2,2,N,3,2,N,375,61,Y,537,98,Y,264,56,Y,157,36,Y,89,24,Y,18,6,Y,448,20,Y,763,44,Y,383,25,Y,223,18,Y,88,10,Y,21,3,Y,55,60,Y,75,135,Y,38,96,Y,35,118,Y,8,33,N,3,13,N,0,0,-9,0,0,-9,0,0,-9,0,0,-9,0,0,-9,0,0,-9,108,7,Y,238,15,Y,138,9,Y,139,9,Y,87,5,Y,13,1,Y,84.8,3060,2.9,105,5.8,209,0.1,2,6.5,234,84.6,635,14.8,111,0.7,5,11.5,115,2.2,22,81.5,812,4.3,43,0.4,4,15.1,247,4.0,66,75.4,1231,5.5,89,0.0,0,25.8,216,6.3,53,63.0,527,4.9,41,0.0,0,30.5,172,7.1,40,58.0,327,4.4,25,0.2,1,33.9,93,10.6,29,51.5,141,3.6,10,0.4,1,44.8,26,12.1,7,39.7,23,3.4,2,1.7,1,50.0,1,0.0,0,50.0,1,0.0,0,0,0,19.6,11,1.8,1,76.8,43,0.0,0,0.0,0,31.7,456,4.2,60,61.6,887,2.4,35,0.2,3,13.2,254,4.6,89,77.4,1490,4.7,91,0.1,2,22.4,48,3.7,8,67.8,145,5.6,12,0.5,1,-8.0,0,-8.0,0,-8.0,0,-8.0,0,-8,0,13.7,99,8.0,58,68.3,494,9.8,71,0.1,1
2017,49,UT,Utah,5,Y,115,9,Y,104,1,N,11,38,N,10,3,Y,52,12,Y,39,6,N,4,13,N,3,18,N,7,0,-9,0,4,Y,25,9,Y,43,5,Y,19,4,N,11,4,Y,13,1,N,4,92,80.0,3,2.6,10,8.7,9,7.8,1,0.9,0.3,23,8,Y,39,17,Y,17,8,Y,10,6,N,12,8,Y,3,2,N,2,1,N,4,2,N,2,1,N,1,1,N,1,1,N,1,1,N,2,18,N,4,13,N,5,31,N,36,22,Y,7,36,N,0,0,-9,50,5,Y,1,8,N,0,0,-9,5,47,N,3,2,N,0,0,-9,0,0,-9,2,0,N,1,17,N,1,19,N,0,0,-9,1,30,N,0,0,-9,0,0,-9,1,7,N,1,7,N,0,0,-9,1,11,N,1,15,N,0,0,-9,2,26,N,5,75,N,2,45,N,0,0,-9,1,38,N,0,0,-9,12,12,Y,12,18,Y,7,12,N,6,14,N,1,4,N,1,5,N,3,17,N,1,11,N,2,38,N,1,34,N,0,0,-9,0,0,-9,0,0,-9,0,0,-9,0,0,-9,0,0,-9,0,0,-9,0,0,-9,6,1,N,23,7,Y,8,2,N,2,1,N,10,4,N,3,1,N,88.5,92,1.0,1,9.6,10,0.0,0,1.0,1,72.7,8,18.2,2,9.1,1,4.0,1,0.0,0,88.0,22,8.0,2,4.0,1,7.0,3,2.3,1,83.7,36,7.0,3,0.0,0,10.5,2,0.0,0,78.9,15,10.5,2,0.0,0,0.0,0,9.1,1,72.7,8,18.2,2,0.0,0,7.7,1,0.0,0,69.2,9,15.4,2,0.0,0,25.0,1,0.0,0,75.0,3,0.0,0,0.0,0,0.0,0,33.3,1,66.7,2,0.0,0,0,0,0.0,0,0.0,0,75.0,3,25.0,1,0.0,0,40.0,4,10.0,1,50.0,5,0.0,0,10.0,1,7.7,3,2.6,1,84.6,33,5.1,2,0.0,0,0.0,0,0.0,0,85.7,6,14.3,1,0.0,0,-8.0,0,-8.0,0,-8.0,0,-8.0,0,-8,0,3.8,2,1.9,1,82.7,43,13.5,7,0.0,0
2017,50,VT,Vermont,4,Y,20,5,Y,14,2,N,6,32,N,2,3,Y,15,20,N,2,10,N,1,0,-9,0,0,-9,0,0,-9,0,3,N,3,11,N,8,6,N,4,1,N,1,3,N,3,1,N,1,11,55.0,3,15.0,3,15.0,4,20.0,0,0.0,0.2,3,6,N,6,16,N,3,9,N,0,0,-9,2,4,N,0,0,-9,0,0,-9,2,6,N,1,3,N,1,2,N,1,2,N,1,2,N,0,0,-9,1,22,N,1,28,N,2,40,N,0,0,-9,-1,-1,-9,10,4,N,0,0,-9,0,0,-9,1,38,N,0,0,-9,0,0,-9,-1,-1,-9,5,2,N,0,0,-9,0,0,-9,0,0,-9,0,0,-9,0,0,-9,0,0,-9,1,31,N,0,0,-9,0,0,-9,0,0,-9,0,0,-9,0,0,-9,0,0,-9,0,0,-9,2,206,N,0,0,-9,0,0,-9,0,0,-9,0,0,-9,1,46,N,1,62,N,0,0,-9,0,0,-9,0,0,-9,0,0,-9,0,0,-9,0,0,-9,0,0,-9,0,0,-9,0,0,-9,-1,-1,-9,-1,-1,-9,-1,-1,-9,-1,-1,-9,-1,-1,-9,-1,-1,-9,2,2,N,7,11,N,1,2,N,1,1,N,3,3,N,1,1,N,78.6,11,0.0,0,21.4,3,0.0,0,0.0,0,50.0,3,50.0,3,0.0,0,0.0,0,0.0,0,100.0,3,0.0,0,0.0,0,12.5,1,12.5,1,62.5,5,12.5,1,0.0,0,25.0,1,25.0,1,25.0,1,50.0,2,0.0,0,100.0,1,0.0,0,0.0,0,0.0,0,0.0,0,33.3,1,0.0,0,66.7,2,0.0,0,0.0,0,100.0,1,0.0,0,0.0,0,0.0,0,0.0,0,-8.0,0,-8.0,0,-8.0,0,-8.0,0,-8,0,0.0,0,0.0,0,100.0,1,0.0,0,0.0,0,50.0,1,50.0,1,50.0,1,0.0,0,0.0,0,0.0,0,0.0,0,50.0,1,50.0,1,0.0,0,-8.0,0,-8.0,0,-8.0,0,-8.0,0,-8.0,0,-8.0,0,-8.0,0,-8.0,-1,-8.0,-1,-8,0,20.0,3,13.3,2,53.3,8,13.3,2,0.0,0
2017,51,VA,Virginia,12,Y,860,19,Y,676,5,Y,184,35,Y,474,4,Y,198,17,Y,99,5,Y,25,0,-9,0,44,Y,62,39,N,2,16,Y,212,25,Y,292,15,Y,168,9,Y,105,6,Y,63,2,Y,20,565,65.7,35,4.1,26,3.0,233,27.1,2,0.2,0.5,180,26,Y,245,41,Y,124,23,Y,74,13,Y,39,7,Y,14,3,Y,32,5,Y,47,8,Y,44,8,Y,31,5,Y,24,4,Y,6,1,N,0,0,-9,20,9,Y,357,56,Y,86,28,Y,53,78,Y,2,81,N,158,7,Y,0,0,-9,5,2,N,117,17,Y,13,5,Y,9,12,N,0,0,-9,40,2,Y,0,0,-9,0,0,-9,0,0,-9,0,0,-9,0,0,-9,0,0,-9,2,2,N,6,7,N,7,7,N,6,7,N,2,4,N,2,3,N,147,53,Y,157,65,Y,75,37,Y,45,21,Y,39,19,Y,11,6,N,19,12,Y,37,28,Y,28,21,Y,13,14,Y,2,4,N,0,0,-9,20,36,Y,18,62,Y,11,55,N,8,54,N,5,44,N,0,0,-9,0,0,-9,2,178,N,0,0,-9,0,0,-9,0,0,-9,0,0,-9,24,3,Y,72,11,Y,47,7,Y,33,5,Y,15,2,Y,7,1,N,83.6,565,2.4,16,3.8,26,0.1,1,10.2,69,89.1,164,10.3,19,0.5,1,17.0,36,1.9,4,78.8,167,2.4,5,0.5,1,18.8,55,3.8,11,73.6,215,3.8,11,0.0,0,33.3,56,5.4,9,57.7,97,4.2,7,0.0,0,41.0,43,5.7,6,50.5,53,2.9,3,0.0,0,54.0,34,7.9,5,36.5,23,1.6,1,0.0,0,45.0,9,5.0,1,45.0,9,0.0,0,0.0,0,-8.0,0,-8.0,0,-8.0,0,-8.0,0,-8,0,24.0,6,4.0,1,72.0,18,0.0,0,0.0,0,32.5,154,3.0,14,62.9,298,1.5,7,0.2,1,17.2,17,4.0,4,74.7,74,4.0,4,0.0,0,25.8,16,3.2,2,66.1,41,6.5,4,0.0,0,0.0,0,0.0,0,100.0,2,0.0,0,0,0,20.7,41,7.1,14,66.7,132,5.6,11,0.0,0
2017,53,WA,Washington,7,Y,434,11,Y,343,3,Y,91,44,Y,103,4,Y,179,15,Y,98,5,Y,27,6,N,5,10,Y,20,5,N,2,6,Y,64,14,Y,158,8,Y,81,9,Y,81,4,Y,40,1,N,10,273,62.9,27,6.2,36,8.3,92,21.2,6,1.4,0.2,54,9,Y,136,23,Y,57,12,Y,65,14,Y,27,6,Y,4,1,N,10,2,N,22,4,Y,24,5,Y,16,3,Y,13,3,Y,6,1,N,2,5,N,25,10,Y,61,47,Y,84,24,Y,17,17,Y,2,10,N,152,7,Y,3,8,N,2,1,N,42,40,Y,14,4,Y,3,3,N,0,0,-9,27,1,Y,0,0,-9,3,20,N,0,0,-9,2,16,N,0,0,-9,0,0,-9,6,6,N,8,6,N,4,4,N,4,5,N,4,6,N,1,1,N,14,28,Y,23,44,Y,30,72,Y,19,52,Y,15,48,Y,2,9,N,18,9,Y,43,27,Y,22,17,Y,13,14,Y,1,2,N,1,3,N,8,11,N,6,13,N,1,3,N,5,23,N,0,0,-9,0,0,-9,0,0,-9,2,20,N,0,0,-9,0,0,-9,0,0,-9,0,0,-9,18,3,Y,73,10,Y,24,4,Y,38,6,Y,20,3,Y,6,1,N,79.6,273,3.2,11,10.5,36,1.2,4,5.8,20,80.2,73,17.6,16,2.2,2,12.5,8,1.6,1,71.9,46,7.8,5,7.8,5,13.3,21,8.2,13,70.3,111,8.2,13,0.0,0,29.6,24,7.4,6,53.1,43,11.1,9,0.0,0,24.7,20,4.9,4,60.5,49,9.9,8,0.0,0,37.5,15,10.0,4,52.5,21,0.0,0,0.0,0,50.0,5,10.0,1,30.0,3,0.0,0,10.0,1,80.0,4,0.0,0,20.0,1,0.0,0,0,0,7.4,2,0.0,0,85.2,23,3.7,1,0.0,0,50.5,52,4.9,5,37.9,39,2.9,3,3.9,4,15.3,15,6.1,6,73.5,72,5.1,5,0.0,0,10.0,2,5.0,1,75.0,15,10.0,2,0.0,0,0.0,0,0.0,0,100.0,2,0.0,0,0,0,10.1,18,8.4,15,67.6,121,13.4,24,1.1,2
2017,54,WV,West Virginia,5,Y,78,9,Y,67,1,N,11,41,Y,22,4,Y,50,5,N,1,8,N,1,0,-9,0,21,N,4,0,-9,0,8,Y,22,12,Y,27,7,Y,16,5,N,11,1,N,2,0,-9,0,53,67.9,7,9.0,10,12.8,8,10.3,0,0.0,0.3,20,15,Y,22,20,Y,13,12,Y,10,8,N,2,2,N,0,0,-9,2,2,N,5,5,N,3,3,N,1,1,N,0,0,-9,0,0,-9,0,0,-9,0,0,-9,19,65,Y,1,8,N,4,43,N,0,0,-9,43,6,Y,0,0,-9,1,14,N,3,12,N,0,0,-9,0,0,-9,0,0,-9,7,1,N,0,0,-9,0,0,-9,0,0,-9,0,0,-9,0,0,-9,0,0,-9,0,0,-9,1,36,N,0,0,-9,0,0,-9,0,0,-9,0,0,-9,6,50,N,9,93,N,5,62,N,2,26,N,0,0,-9,0,0,-9,1,17,N,0,0,-9,0,0,-9,0,0,-9,0,0,-9,0,0,-9,4,54,N,0,0,-9,0,0,-9,0,0,-9,0,0,-9,0,0,-9,-1,-1,-9,-1,-1,-9,-1,-1,-9,-1,-1,-9,-1,-1,-9,-1,-1,-9,11,5,N,17,9,Y,11,5,N,9,4,N,2,1,N,0,0,-9,79.1,53,3.0,2,14.9,10,0.0,0,3.0,2,54.5,6,45.5,5,0.0,0,13.6,3,0.0,0,72.7,16,13.6,3,0.0,0,11.1,3,11.1,3,51.9,14,25.9,7,0.0,0,12.5,2,12.5,2,75.0,12,0.0,0,0.0,0,9.1,1,9.1,1,81.8,9,0.0,0,0.0,0,0.0,0,0.0,0,100.0,2,0.0,0,0.0,0,-8.0,0,-8.0,0,-8.0,0,-8.0,0,-8.0,0,-8.0,0,-8.0,0,-8.0,0,-8.0,0,-8,0,100.0,1,0.0,0,0.0,0,0.0,0,0.0,0,13.6,3,13.6,3,72.7,16,4.5,1,0.0,0,0.0,0,0.0,0,100.0,1,0.0,0,0.0,0,0.0,0,0.0,0,75.0,3,25.0,1,0.0,0,-8.0,0,-8.0,0,-8.0,0,-8.0,0,-8,0,10.0,5,8.0,4,66.0,33,16.0,8,0.0,0
2017,55,WI,Wisconsin,5,Y,258,9,Y,219,2,Y,39,37,Y,105,2,Y,97,13,Y,36,2,N,3,2,N,1,28,Y,16,0,-9,0,7,Y,66,12,Y,91,6,Y,39,6,Y,42,2,Y,18,0,N,2,187,72.5,22,8.5,8,3.1,41,15.9,0,0.0,0.3,60,13,Y,77,21,Y,33,9,Y,33,9,Y,14,4,Y,2,1,N,6,1,N,14,4,Y,6,2,N,9,2,N,4,1,N,0,0,-9,1,5,N,2,3,N,85,61,Y,32,22,Y,14,50,Y,0,0,-9,85,4,Y,0,0,-9,1,1,N,20,14,Y,4,3,N,2,7,N,0,0,-9,12,1,Y,0,0,-9,0,0,-9,0,0,-9,0,0,-9,1,17,N,0,0,-9,0,0,-9,1,3,N,1,4,N,1,6,N,0,0,-9,0,0,-9,36,48,Y,35,59,Y,17,37,Y,11,26,N,6,17,N,0,0,-9,7,8,N,17,29,Y,6,11,N,5,13,N,1,4,N,0,0,-9,5,19,N,6,51,N,3,40,N,2,38,N,0,0,-9,0,0,-9,0,0,-9,0,0,-9,0,0,-9,0,0,-9,0,0,-9,0,0,-9,18,3,Y,32,6,Y,12,2,Y,23,4,Y,10,1,N,2,0,N,85.4,187,5.9,13,3.7,8,0.0,0,4.6,10,79.5,31,20.5,8,0.0,0,10.6,7,4.5,3,84.8,56,1.5,1,0.0,0,15.4,14,8.8,8,71.4,65,5.5,5,0.0,0,15.4,6,7.7,3,71.8,28,2.6,1,0.0,0,23.8,10,9.5,4,66.7,28,2.4,1,0.0,0,22.2,4,16.7,3,55.6,10,5.6,1,0.0,0,0.0,0,50.0,1,50.0,1,0.0,0,0.0,0,0.0,0,0.0,0,100.0,1,0.0,0,0,0,33.3,1,0.0,0,66.7,2,0.0,0,0.0,0,23.8,25,4.8,5,70.5,74,1.0,1,0.0,0,8.3,3,8.3,3,77.8,28,2.8,1,0.0,0,6.3,1,6.3,1,87.5,14,0.0,0,0.0,0,-8.0,0,-8.0,0,-8.0,0,-8.0,0,-8,0,10.3,10,12.4,12,71.1,69,6.2,6,0.0,0
2017,56,WY,Wyoming,2,N,10,4,N,9,0,N,1,0,-9,0,2,N,9,2,N,1,0,-9,0,0,-9,0,0,-9,0,0,-9,0,0,-9,0,4,N,3,6,N,4,5,N,3,0,-9,0,0,-9,0,7,70.0,0,0.0,0,0.0,3,30.0,0,0.0,0.1,0,0,-9,2,5,N,4,11,N,3,9,N,0,0,-9,0,0,-9,0,0,-9,1,3,N,0,0,-9,0,0,-9,0,0,-9,0,0,-9,0,0,-9,0,0,-9,0,0,-9,1,4,N,0,0,-9,0,0,-9,8,4,N,0,0,-9,0,0,-9,0,0,-9,0,0,-9,0,0,-9,0,0,-9,1,1,N,0,0,-9,0,0,-9,0,0,-9,0,0,-9,0,0,-9,0,0,-9,0,0,-9,0,0,-9,0,0,-9,0,0,-9,0,0,-9,0,0,-9,0,0,-9,0,0,-9,0,0,-9,0,0,-9,0,0,-9,0,0,-9,0,0,-9,1,11,N,0,0,-9,0,0,-9,0,0,-9,0,0,-9,0,0,-9,0,0,-9,0,0,-9,0,0,-9,0,0,-9,0,0,-9,-1,-1,-9,-1,-1,-9,-1,-1,-9,-1,-1,-9,-1,-1,-9,-1,-1,-9,0,0,-9,2,3,N,4,7,N,3,5,N,0,0,-9,0,0,-9,77.8,7,0.0,0,0.0,0,0.0,0,22.2,2,100.0,1,0.0,0,0.0,0,-8.0,0,-8.0,0,-8.0,0,-8.0,0,-8.0,0,33.3,1,0.0,0,66.7,2,0.0,0,0.0,0,25.0,1,0.0,0,75.0,3,0.0,0,0.0,0,33.3,1,0.0,0,66.7,2,0.0,0,0.0,0,-8.0,0,-8.0,0,-8.0,0,-8.0,0,-8.0,0,-8.0,0,-8.0,0,-8.0,0,-8.0,0,-8.0,0,-8.0,0,-8.0,0,-8.0,0,-8.0,0,-8,0,-8.0,0,-8.0,0,-8.0,0,-8.0,0,-8.0,0,-8.0,0,-8.0,0,-8.0,0,-8.0,0,-8.0,0,0.0,0,0.0,0,100.0,1,0.0,0,0.0,0,-8.0,0,-8.0,0,-8.0,0,-8.0,0,-8.0,0,-8.0,0,-8.0,0,-8.0,0,-8.0,0,-8,0,33.3,3,0.0,0,66.7,6,0.0,0,0.0,0
2017,72,PR,Puerto Rico,15,Y,445,26,Y,357,6,Y,88,-9,-9,0,-9,N,3,-9,Y,442,-9,-9,0,-9,-9,0,-9,-9,0,-9,-9,0,14,Y,76,29,Y,119,20,Y,84,20,Y,89,13,Y,57,3,Y,20,235,52.8,39,8.8,13,2.9,158,35.5,0,0.0,-9.0,70,26,Y,102,51,Y,65,33,Y,64,31,Y,40,20,Y,16,6,Y,6,2,N,17,8,Y,19,9,Y,25,11,Y,17,7,Y,4,1,N,0,-9,-9,0,-9,-9,0,-9,-9,355,-9,Y,0,-9,-9,0,-9,-9,2,-9,N,0,-9,-9,0,-9,-9,0,-9,-9,87,-9,Y,0,-9,-9,0,-9,-9,1,-9,N,0,-9,-9,0,-9,-9,0,-9,-9,0,-9,-9,0,-9,-9,0,-9,-9,0,-9,-9,0,-9,-9,0,-9,-9,0,-9,-9,0,-9,-9,0,-9,-9,0,-9,-9,0,-9,-9,0,-9,-9,0,-9,-9,0,-9,-9,0,-9,-9,76,-9,Y,119,-9,Y,83,-9,Y,87,-9,Y,57,-9,Y,20,-9,Y,0,-9,-9,0,-9,-9,0,-9,-9,0,-9,-9,0,-9,-9,0,-9,-9,0,-9,-9,0,-9,-9,0,-9,-9,0,-9,-9,0,-9,-9,0,-9,-9,0,-9,-9,0,-9,-9,1,-9,N,2,-9,N,0,-9,-9,0,-9,-9,65.8,235,9.0,32,3.6,13,0.0,0,21.6,77,92.0,81,8.0,7,0.0,0,19.7,15,2.6,2,75.0,57,2.6,2,0.0,0,23.5,28,4.2,5,66.4,79,5.0,6,0.0,0,42.9,36,6.0,5,47.6,40,3.6,3,0.0,0,38.2,34,15.7,14,43.8,39,2.2,2,0.0,0,52.6,30,19.3,11,28.1,16,0.0,0,0.0,0,65.0,13,15.0,3,20.0,4,0.0,0,0.0,0,-8.0,0,-8.0,0,-8.0,0,-8.0,0,-8,0,-8.0,0,-8.0,0,-8.0,0,-8.0,0,-8.0,0,-8.0,0,-8.0,0,-8.0,0,-8.0,0,-8.0,0,35.5,157,8.8,39,52.7,233,2.9,13,0.0,0,-8.0,0,-8.0,0,-8.0,0,-8.0,0,-8.0,0,-8.0,0,-8.0,0,-8.0,0,-8.0,0,-8,0,33.3,1,0.0,0,66.7,2,0.0,0,0.0,0
